地 区	发病数	死亡数	发病率	死亡率	time
河北省	8	3	0.011	0.0041	2012-05
海南省	3	3	0.0338	0.0338	2013-12
广西	16	13	0.0342	0.0278	2013-10
四川省	2	4	0.0025	0.0049	2016-05
湖北省	18	18	0.0316	0.0316	2005-10
河北省	4	5	0.0055	0.0069	2013-07
全国	164	164	0.0123	0.0123	2009-04
河北省	17	15	0.0242	0.0213	2010-06
云南省	5	4	0.0107	0.0086	2013-02
云南省	10	9	0.0215	0.0193	2013-10
贵州省	15	12	0.0396	0.0317	2009-12
全国	216	211	0.0164	0.0161	2007-03
全国	225	225	0.0173	0.0173	2005-06
江苏省	6	6	0.008	0.008	2006-12
山东省	12	11	0.0127	0.0116	2010-10
天津市	1	0	0.0074		2012-08
浙江省	4	2	0.0082	0.0041	2006-03
山东省	5	4	0.0052	0.0041	2013-12
湖南省	15	17	0.0235	0.0266	2009-02
浙江省	9	7	0.0191	0.0149	2004-11
四川省	1	1	0.0011	0.0011	2004-05
四川省	5	5	0.0062	0.0062	2014-08
湖北省	9	9	0.0158	0.0158	2009-12
广西	9	9	0.0191	0.0191	2014-03
广东省	10	14	0.0094	0.0132	2013-09
全国	115	120	0.0086	0.009	2010-02
四川省	8	8	0.0098	0.0098	2005-05
湖北省	7	6	0.0122	0.0105	2010-05
湖南省	21	21	0.0318	0.0318	2012-11
浙江省	2	1	0.0039	0.002	2009-02
安徽省	2	2	0.0033	0.0033	2015-01
北京市	1	1	0.0057	0.0057	2010-12
重庆市	5	4	0.0171	0.0137	2012-07
内蒙古	1	1	0.0041	0.0041	2010-08
安徽省	1	0	0.0016		2010-01
广东省	13	13	0.0124	0.0124	2012-08
安徽省	14	14	0.0229	0.0229	2006-08
贵州省	9	8	0.0259	0.0231	2012-02
重庆市	4	5	0.0143	0.0179	2006-10
云南省	2	4	0.0042	0.0085	2016-08
海南省	2	2	0.0244	0.0244	2005-08
山东省	5	5	0.0052	0.0052	2011-03
江苏省	9	11	0.0119	0.0146	2007-10
江苏省	3	3	0.0038	0.0038	2011-03
四川省	8	9	0.0099	0.0111	2013-09
湖北省	29	31	0.0483	0.0516	2004-08
江西省	6	6	0.0137	0.0137	2008-09
海南省	1	1	0.0111	0.0111	2015-08
海南省	2	2	0.0223	0.0223	2014-06
贵州省	24	23	0.0632	0.0606	2010-05
湖南省	49	42	0.0775	0.0664	2006-08
海南省	2	3	0.0228	0.0342	2012-08
山西省	3	2	0.0082	0.0055	2015-11
宁夏	2	3	0.0306	0.0459	2014-09
江西省	5	5	0.0113	0.0113	2010-07
四川省	9	8	0.0112	0.0099	2011-09
江西省	2	2	0.0044	0.0044	2016-05
山西省	10	10	0.028	0.028	2011-11
广西	21	21	0.0456	0.0456	2011-01
浙江省	3	2	0.0054	0.0036	2016-08
湖南省	29	26	0.0458	0.0411	2006-02
贵州省	9	8	0.0257	0.0228	2014-07
河南省	13	13	0.0139	0.0139	2005-10
贵州省	12	9	0.0346	0.0259	2012-09
全国	74	69	0.0054	0.0051	2016-09
河北省	4	3	0.0055	0.0041	2014-02
湖南省	4	4	0.006	0.006	2013-04
浙江省	3	3	0.0061	0.0061	2006-02
云南省	14	13	0.0312	0.029	2007-09
全国	200	193	0.0151	0.0146	2008-05
陕西省	1	1	0.0027	0.0027	2005-10
天津市	1	1	0.0068	0.0068	2014-02
全国	234	220	0.0178	0.0167	2007-04
全国	121	126	0.0089	0.0093	2013-09
云南省	5	5	0.0107	0.0107	2013-04
海南省	11	12	0.1316	0.1435	2007-10
安徽省	5	4	0.0081	0.0065	2009-03
江西省	5	5	0.0115	0.0115	2007-05
河南省	8	7	0.0085	0.0074	2016-07
安徽省	6	5	0.01	0.0083	2014-09
浙江省	2	2	0.0037	0.0037	2012-01
安徽省	8	10	0.013	0.0163	2009-06
湖北省	13	15	0.0228	0.0263	2009-11
云南省	3	4	0.0064	0.0085	2014-05
江苏省	1	1	0.0013	0.0013	2013-02
江西省	7	9	0.016	0.0206	2008-12
山西省	3	0	0.0082		2015-01
江苏省	2	3	0.0026	0.0039	2010-02
重庆市	3	3	0.01	0.01	2015-10
湖南省	7	6	0.0105	0.009	2014-07
重庆市	2	3	0.0067	0.01	2016-03
山西省	1	2	0.0029	0.0059	2008-06
重庆市	4	3	0.0139	0.0104	2011-03
云南省	5	4	0.0106	0.0085	2015-02
贵州省	25	23	0.0665	0.0611	2008-08
全国	174	143	0.0134	0.011	2004-01
广西	32	32	0.0692	0.0692	2005-04
贵州省	5	5	0.0143	0.0143	2016-03
湖北省	2	1	0.0034	0.0017	2015-05
陕西省	2	2	0.0053	0.0053	2013-03
宁夏	1	1	0.0155	0.0155	2013-12
江西省	19	17	0.0444	0.0397	2004-10
湖南省	24	24	0.0381	0.0381	2005-01
福建省	1	1	0.0028	0.0028	2010-04
新疆	0	1		0.0044	2016-05
贵州省	10	9	0.0288	0.0259	2012-06
四川省	7	5	0.0087	0.0062	2012-10
贵州省	17	15	0.0489	0.0432	2011-05
四川省	1	1	0.0012	0.0012	2005-04
陕西省	2	1	0.0053	0.0027	2010-11
内蒙古	2	2	0.0081	0.0081	2012-06
山东省	6	7	0.0062	0.0072	2014-01
湖南省	28	71	0.0419	0.1063	2004-12
江西省	4	4	0.0089	0.0089	2013-03
广东省	18	16	0.0173	0.0153	2011-08
海南省	5	5	0.0558	0.0558	2014-11
黑龙江省	1	1	0.0026	0.0026	2013-03
浙江省	2	2	0.0037	0.0037	2013-09
江苏省	2	3	0.0025	0.0038	2013-12
山东省	4	6	0.0043	0.0064	2008-12
广东省	4	4	0.0037	0.0037	2015-06
重庆市	2	0	0.0067		2015-11
贵州省	24	20	0.0628	0.0523	2004-08
云南省	12	11	0.0263	0.0241	2010-06
陕西省	2	3	0.0053	0.008	2014-08
云南省	2	3	0.0045	0.0067	2006-06
海南省	11	10	0.1316	0.1196	2007-09
辽宁省	1	1	0.0024	0.0024	2004-07
湖南省	11	11	0.0172	0.0172	2010-02
安徽省	11	9	0.018	0.0147	2007-06
河南省	7	6	0.0074	0.0064	2015-05
湖北省	6	3	0.0105	0.0053	2008-04
宁夏	1	0	0.0155		2013-06
河北省	6	7	0.0084	0.0097	2011-01
四川省	24	22	0.0294	0.0269	2007-01
河南省	16	16	0.0171	0.0171	2005-11
广西	56	57	0.1153	0.1174	2004-06
福建省	1	1	0.0027	0.0027	2012-09
江西省	5	5	0.0115	0.0115	2007-12
四川省	7	7	0.0086	0.0086	2014-05
重庆市	3	2	0.0101	0.0067	2014-10
陕西省	3	3	0.008	0.008	2012-08
河南省	7	9	0.0075	0.0096	2006-04
重庆市	3	4	0.01	0.0134	2015-08
重庆市	4	5	0.0137	0.0171	2012-10
山东省	2	3	0.002	0.0031	2016-12
陕西省	1	0	0.0027		2010-02
广东省	16	18	0.0151	0.017	2013-03
北京市	2	2	0.0099	0.0099	2012-01
重庆市	8	8	0.028	0.028	2010-06
海南省	9	10	0.1065	0.1183	2008-11
江苏省	5	6	0.0065	0.0078	2010-09
湖北省	7	9	0.0122	0.0157	2011-10
天津市	1	1	0.0077	0.0077	2011-12
辽宁省	1	0	0.0023		2013-06
河北省	5	1	0.0068	0.0014	2014-11
贵州省	5	5	0.0143	0.0143	2014-06
安徽省	3	3	0.005	0.005	2011-04
甘肃省	1	1	0.0039	0.0039	2015-10
广东省	31	28	0.0328	0.0296	2008-01
云南省	3	3	0.0066	0.0066	2009-01
湖南省	15	17	0.0234	0.0265	2010-09
上海市	1	1	0.0041	0.0041	2014-09
山西省	1	1	0.0029	0.0029	2010-03
山东省	6	6	0.0061	0.0061	2015-03
湖南省	15	13	0.0236	0.0205	2008-04
河南省	10	8	0.0106	0.0085	2015-06
全国	114	114	0.0088	0.0088	2005-02
浙江省	1	2	0.0018	0.0037	2011-05
福建省	1	0	0.0027		2012-03
云南省	9	8	0.0192	0.0171	2014-04
河北省	6	7	0.0082	0.0095	2014-08
全国	167	170	0.0126	0.0128	2009-05
湖南省	6	7	0.009	0.0105	2013-06
山东省	2	3	0.002	0.0031	2016-11
重庆市	0	0			2005-12
海南省	6	5	0.0703	0.0585	2009-01
海南省	7	8	0.081	0.0926	2010-05
云南省	3	3	0.0064	0.0064	2016-09
北京市	1	1	0.005	0.005	2012-03
广西	59	63	0.1215	0.1297	2004-07
上海市	1	1	0.0042	0.0042	2013-08
河南省	16	13	0.0171	0.0139	2006-06
青海省	1	1	0.0176	0.0176	2012-12
全国	291	291	0.0224	0.0224	2005-09
河北省	2	1	0.0027	0.0014	2016-02
湖南省	10	12	0.0152	0.0183	2011-05
海南省	3	2	0.0338	0.0226	2013-05
天津市	0	1		0.009	2008-05
湖北省	18	19	0.0315	0.0333	2009-07
安徽省	2	2	0.0033	0.0033	2015-11
新疆	1	0	0.0044		2016-04
湖北省	5	3	0.0086	0.0052	2016-08
安徽省	6	8	0.0101	0.0134	2012-01
广西	44	40	0.0944	0.0858	2006-04
福建省	1	1	0.0028	0.0028	2004-12
湖北省	3	3	0.0052	0.0052	2012-08
全国	106	98	0.0078	0.0072	2013-11
湖北省	3	4	0.0052	0.0069	2015-06
浙江省	5	8	0.0102	0.0163	2006-05
北京市	1	0	0.0048		2013-06
福建省	1	0	0.0028		2008-03
湖北省	10	12	0.0176	0.0211	2007-04
内蒙古	4	4	0.0161	0.0161	2012-01
甘肃省	1	1	0.0039	0.0039	2014-11
天津市	1	1	0.0085	0.0085	2009-11
山东省	3	7	0.0032	0.0074	2009-11
江苏省	6	4	0.0076	0.005	2014-08
安徽省	22	15	0.0341	0.0233	2004-01
重庆市	4	4	0.0135	0.0135	2014-05
浙江省	2	2	0.0036	0.0036	2014-09
全国	273	262	0.0207	0.0198	2008-10
全国	199	189	0.0151	0.0143	2008-11
江西省	13	13	0.0304	0.0304	2005-09
安徽省	1	1	0.0016	0.0016	2016-12
重庆市	11	10	0.0387	0.0352	2009-05
辽宁省	1	0	0.0023		2012-12
广西	20	21	0.0431	0.0452	2012-07
湖北省	2	3	0.0034	0.0052	2016-12
云南省	1	2	0.0023	0.0046	2004-12
安徽省	1	0	0.0016		2016-06
四川省	8	7	0.0098	0.0086	2010-07
云南省	7	6	0.0157	0.0135	2006-07
广西	10	14	0.021	0.0294	2015-09
广西	25	24	0.0524	0.0503	2008-01
贵州省	3	4	0.0086	0.0114	2015-09
湖南省	4	3	0.006	0.0045	2013-02
四川省	7	9	0.0086	0.011	2010-08
湖南省	14	14	0.0219	0.0219	2010-07
江西省	1	1	0.0022	0.0022	2015-02
贵州省	6	6	0.0171	0.0171	2014-10
贵州省	7	5	0.02	0.0143	2016-10
浙江省	6	6	0.0123	0.0123	2005-11
湖南省	10	9	0.0157	0.0141	2009-03
湖南省	13	13	0.0197	0.0197	2012-10
福建省	6	5	0.0169	0.0141	2007-09
湖南省	7	7	0.0104	0.0104	2015-08
四川省	7	7	0.0087	0.0087	2011-05
云南省	0	0			2005-04
甘肃省	1	1	0.0039	0.0039	2015-02
广东省	52	48	0.0566	0.0522	2006-10
上海市	1	1	0.0055	0.0055	2007-06
山西省	13	10	0.0364	0.028	2011-05
浙江省	4	4	0.0082	0.0082	2006-07
浙江省	3	2	0.0059	0.004	2008-03
天津市	1	2	0.0074	0.0148	2012-09
山东省	4	6	0.0044	0.0065	2004-09
广西	7	7	0.0147	0.0147	2015-02
江苏省	1	1	0.0013	0.0013	2008-02
甘肃省	1	0	0.0038		2009-09
江西省	5	5	0.0116	0.0116	2006-03
河南省	7	8	0.0075	0.0085	2008-03
四川省	6	3	0.0074	0.0037	2013-02
河北省	6	3	0.0082	0.0041	2014-10
河南省	10	10	0.0106	0.0106	2009-09
湖北省	5	4	0.0087	0.007	2010-03
广东省	19	19	0.0208	0.0208	2005-02
山东省	6	5	0.0062	0.0051	2014-10
陕西省	2	1	0.0053	0.0027	2010-05
四川省	38	36	0.0465	0.0441	2007-09
湖南省	8	8	0.0119	0.0119	2015-04
湖北省	11	12	0.0193	0.0211	2008-09
湖北省	5	8	0.0087	0.014	2011-12
河北省	3	4	0.0043	0.0057	2010-04
河南省	7	8	0.0074	0.0085	2016-06
宁夏	2	3	0.0309	0.0464	2013-07
海南省	11	9	0.1302	0.1065	2008-05
全国	238	222	0.0179	0.0167	2009-10
河南省	14	14	0.0144	0.0144	2004-08
海南省	3	3	0.0359	0.0359	2007-03
河北省	0	0			2005-12
广西	27	27	0.0587	0.0587	2011-07
河北省	10	7	0.0139	0.0097	2011-10
海南省	2	3	0.0239	0.0359	2007-07
河北省	7	5	0.0101	0.0072	2008-11
广西	17	19	0.0366	0.0409	2012-12
陕西省	0	2		0.0053	2014-02
内蒙古	1	1	0.0041	0.0041	2009-05
全国	102	91	0.0076	0.0068	2012-04
云南省	1	1	0.0023	0.0023	2005-09
江西省	5	8	0.0117	0.0187	2004-05
安徽省	0	1		0.0017	2011-02
广西	17	17	0.0363	0.0363	2013-09
安徽省	1	1	0.0017	0.0017	2011-03
河北省	9	9	0.013	0.013	2008-05
湖北省	2	2	0.0034	0.0034	2014-02
全国	279	272	0.0215	0.0209	2004-10
河南省	2	2	0.0021	0.0021	2015-12
全国	151	143	0.0114	0.0108	2009-12
江苏省	4	4	0.005	0.005	2016-06
江西省	7	6	0.0162	0.0139	2006-11
安徽省	5	4	0.0082	0.0065	2010-10
全国	61	59	0.0045	0.0044	2013-02
广东省	27	31	0.029	0.0333	2007-02
内蒙古	1	0	0.0042		2004-06
广西	40	38	0.0861	0.0818	2012-01
江西省	4	4	0.0089	0.0089	2012-10
海南省	1	1	0.0115	0.0115	2011-08
甘肃省	2	2	0.0077	0.0077	2015-11
江苏省	6	6	0.0076	0.0076	2012-10
山东省	4	4	0.0042	0.0042	2009-02
湖南省	14	13	0.0213	0.0198	2011-07
全国	161	281	0.0124	0.0216	2004-12
江苏省	4	4	0.005	0.005	2015-04
海南省	5	4	0.0579	0.0463	2010-04
四川省	6	6	0.0073	0.0073	2010-03
河南省	16	20	0.0171	0.0213	2006-09
云南省	10	9	0.0218	0.0196	2011-10
广西	43	43	0.093	0.093	2005-11
江西省	6	5	0.0137	0.0114	2008-11
湖北省	9	13	0.0158	0.0228	2009-09
浙江省	1	1	0.0018	0.0018	2012-09
广东省	1	1	0.0009	0.0009	2016-06
甘肃省	1	0	0.0039		2013-06
黑龙江省	2	2	0.0052	0.0052	2012-01
山东省	10	10	0.0107	0.0107	2007-04
云南省	6	6	0.0127	0.0127	2015-01
广东省	38	38	0.0478	0.0478	2004-09
山西省	2	2	0.0055	0.0055	2016-03
天津市	1	1	0.0085	0.0085	2009-10
河北省	4	5	0.0054	0.0068	2016-07
重庆市	13	11	0.0458	0.0387	2009-09
广西	27	28	0.0587	0.0608	2011-11
全国	338	322	0.0258	0.0246	2006-11
宁夏	0	1		0.0151	2015-04
内蒙古	1	1	0.004	0.004	2013-06
河南省	18	18	0.0192	0.0192	2008-08
浙江省	3	4	0.0058	0.0077	2010-06
浙江省	8	8	0.0161	0.0161	2007-05
福建省	1	1	0.0028	0.0028	2004-08
福建省	7	6	0.0198	0.017	2006-08
天津市	4	4	0.0372	0.0372	2007-07
辽宁省	1	1	0.0023	0.0023	2013-10
海南省	6	5	0.0684	0.057	2012-02
重庆市	10	9	0.0355	0.032	2008-01
浙江省	2	1	0.0037	0.0018	2011-04
全国	104	87	0.0077	0.0064	2014-10
上海市	1	1	0.0056	0.0056	2005-10
河南省	6	5	0.0064	0.0053	2014-11
江苏省	14	19	0.0185	0.0251	2004-12
湖南省	43	43	0.0683	0.0683	2005-08
湖北省	2	2	0.0035	0.0035	2008-02
陕西省	0	1		0.0026	2015-12
河北省	13	12	0.0185	0.0171	2010-11
江苏省	10	9	0.0134	0.012	2006-08
贵州省	21	20	0.0553	0.0527	2010-07
全国	65	54	0.0048	0.004	2016-07
四川省	14	11	0.0172	0.0135	2008-11
贵州省	77	68	0.2064	0.1823	2006-08
湖南省	21	19	0.0329	0.0298	2009-09
福建省	3	1	0.0084	0.0028	2007-02
山西省	2	5	0.0055	0.0138	2014-04
江西省	3	2	0.0066	0.0044	2015-07
山西省	8	7	0.0222	0.0194	2013-06
四川省	7	7	0.0086	0.0086	2015-12
湖南省	20	17	0.0313	0.0266	2009-07
广西	10	13	0.0212	0.0275	2014-07
江西省	9	8	0.0205	0.0182	2009-12
广东省	1	2	0.0009	0.0019	2016-08
广东省	4	4	0.0037	0.0037	2015-12
山西省	5	0	0.0138		2014-03
贵州省	8	7	0.0231	0.0202	2012-04
广西	8	10	0.0171	0.0214	2013-04
山西省	8	6	0.0235	0.0176	2009-10
贵州省	24	24	0.0648	0.0648	2005-04
湖南省	17	14	0.0268	0.022	2008-12
陕西省	5	3	0.0132	0.0079	2015-06
海南省	2	2	0.0228	0.0228	2012-12
河北省	9	8	0.013	0.0115	2008-06
四川省	5	5	0.0062	0.0062	2012-08
贵州省	22	18	0.0575	0.0471	2004-06
河北省	12	9	0.0171	0.0128	2010-05
广西	39	37	0.0837	0.0794	2006-07
广西	29	26	0.0597	0.0535	2010-01
河南省	6	5	0.0064	0.0053	2013-07
云南省	6	8	0.013	0.0173	2012-08
四川省	6	7	0.0075	0.0087	2011-06
江西省	7	7	0.0163	0.0163	2004-02
山东省	9	6	0.0098	0.0065	2004-10
全国	141	128	0.0106	0.0096	2009-03
全国	71	63	0.0052	0.0046	2015-11
贵州省	4	4	0.0114	0.0114	2015-12
安徽省	1	2	0.0017	0.0033	2014-03
上海市	1	1	0.0056	0.0056	2006-11
广东省	30	25	0.0322	0.0269	2007-01
云南省	1	1	0.0023	0.0023	2005-11
上海市	1	0	0.0053		2009-10
安徽省	3	3	0.0049	0.0049	2015-05
四川省	1	1	0.0012	0.0012	2016-11
安徽省	5	5	0.0082	0.0082	2015-10
宁夏	1	1	0.0153	0.0153	2014-05
江苏省	3	3	0.0038	0.0038	2016-11
重庆市	3	3	0.0107	0.0107	2007-04
贵州省	49	50	0.1314	0.134	2006-05
云南省	1	1	0.0023	0.0023	2005-01
重庆市	3	1	0.0102	0.0034	2013-11
江苏省	13	13	0.0174	0.0174	2006-09
海南省	1	0	0.0111		2015-11
全国	94	98	0.007	0.0073	2011-03
湖南省	27	25	0.0425	0.0393	2008-06
江苏省	8	7	0.0101	0.0088	2013-11
湖北省	16	13	0.0281	0.0228	2007-11
河南省	14	11	0.0149	0.0117	2007-04
山西省	5	4	0.0138	0.0111	2013-05
全国	35	36	0.0026	0.0026	2016-03
浙江省	2	2	0.0037	0.0037	2011-03
陕西省	5	6	0.0133	0.0159	2010-10
全国	166	181	0.0126	0.0138	2007-02
内蒙古	1	1	0.004	0.004	2015-02
浙江省	2	2	0.0039	0.0039	2009-09
山西省	3	1	0.0083	0.0028	2014-08
广东省	25	26	0.0269	0.0279	2007-05
陕西省	4	2	0.0106	0.0053	2014-01
海南省	2	2	0.0228	0.0228	2012-01
山西省	4	1	0.0111	0.0028	2012-11
广西	3	3	0.0063	0.0063	2016-05
河北省	11	8	0.0158	0.0115	2008-01
广西	8	8	0.017	0.017	2014-02
河北省	7	3	0.0096	0.0041	2013-11
广东省	15	16	0.0143	0.0152	2012-04
河南省	8	8	0.0085	0.0085	2008-04
广东省	19	20	0.0181	0.019	2012-07
湖南省	35	32	0.0552	0.0505	2007-08
北京市	2	2	0.0093	0.0093	2015-09
内蒙古	1	1	0.004	0.004	2011-04
北京市	1	1	0.0051	0.0051	2011-05
天津市	1	1	0.0077	0.0077	2011-10
河北省	6	3	0.0081	0.0041	2015-07
上海市	1	1	0.0043	0.0043	2012-12
河南省	6	6	0.0064	0.0064	2015-02
湖南省	6	8	0.0091	0.0121	2012-05
云南省	4	5	0.0089	0.0111	2008-04
广东省	17	17	0.0214	0.0214	2004-05
广西	45	43	0.0954	0.0911	2007-01
河北省	4	4	0.0056	0.0056	2011-05
四川省	32	32	0.0392	0.0392	2007-05
河北省	7	7	0.0096	0.0096	2013-10
云南省	1	1	0.0023	0.0023	2004-07
河南省	20	20	0.0214	0.0214	2005-09
四川省	5	3	0.0062	0.0037	2012-04
全国	195	189	0.0145	0.0141	2011-07
贵州省	8	6	0.023	0.0172	2013-01
江苏省	3	3	0.0038	0.0038	2015-05
陕西省	4	4	0.0107	0.0107	2012-07
云南省	7	6	0.0151	0.013	2012-04
贵州省	19	19	0.0501	0.0501	2009-03
湖南省	8	7	0.0119	0.0104	2016-05
江西省	6	6	0.0136	0.0136	2009-05
山西省	5	4	0.014	0.0112	2011-04
河南省	12	9	0.0127	0.0095	2015-08
安徽省	2	2	0.0033	0.0033	2015-02
安徽省	1	2	0.0016	0.0033	2016-01
湖南省	4	5	0.006	0.0075	2014-12
湖北省	11	10	0.0192	0.0175	2010-08
天津市	2	2	0.0186	0.0186	2007-04
广西	15	15	0.0323	0.0323	2012-08
安徽省	6	5	0.0098	0.0082	2006-04
江西省	5	4	0.0113	0.009	2010-02
山西省	5	4	0.0138	0.011	2014-05
北京市	1	1	0.005	0.005	2012-07
湖南省	31	31	0.0493	0.0493	2005-05
贵州省	20	23	0.0528	0.0607	2009-05
内蒙古	3	3	0.012	0.012	2013-02
河南省	4	3	0.0043	0.0032	2006-02
四川省	8	9	0.0099	0.0111	2013-07
山东省	14	12	0.015	0.0129	2007-01
河南省	5	4	0.0053	0.0042	2016-10
四川省	1	1	0.0011	0.0011	2004-07
湖南省	8	7	0.0126	0.011	2008-03
安徽省	3	4	0.005	0.0067	2013-10
江西省	2	0	0.0044		2016-07
山东省	7	10	0.0076	0.0109	2004-11
安徽省	5	5	0.0082	0.0082	2010-11
江苏省	8	8	0.0104	0.0104	2009-06
甘肃省	1	1	0.0039	0.0039	2013-10
江西省	6	6	0.0135	0.0135	2011-08
陕西省	1	1	0.0026	0.0026	2015-05
陕西省	3	4	0.0079	0.0106	2015-01
河北省	13	9	0.0186	0.0129	2009-10
海南省	2	2	0.0228	0.0228	2012-09
海南省	6	6	0.0694	0.0694	2010-09
湖北省	7	8	0.012	0.0138	2015-12
江苏省	5	4	0.0065	0.0052	2009-08
湖南省	11	13	0.0172	0.0203	2010-11
四川省	9	5	0.011	0.0061	2009-12
海南省	4	3	0.0483	0.0362	2006-11
安徽省	14	12	0.0217	0.0186	2004-10
江西省	2	2	0.0046	0.0046	2008-04
四川省	11	11	0.0135	0.0135	2008-07
浙江省	2	2	0.0036	0.0036	2014-08
上海市	1	1	0.0043	0.0043	2011-04
云南省	1	1	0.0023	0.0023	2005-07
广东省	25	25	0.0262	0.0262	2009-01
内蒙古	1	1	0.0042	0.0042	2008-10
贵州省	6	6	0.0171	0.0171	2016-09
山东省	2	2	0.002	0.002	2016-04
广西	3	4	0.0063	0.0084	2016-12
广东省	26	28	0.027	0.0291	2010-04
上海市	1	1	0.0043	0.0043	2011-11
湖南省	4	3	0.0059	0.0045	2016-12
海南省	4	4	0.0468	0.0468	2009-06
江苏省	11	12	0.0142	0.0155	2010-11
湖北省	9	9	0.0158	0.0158	2005-04
福建省	1	1	0.0026	0.0026	2015-03
山东省	6	7	0.0062	0.0072	2013-07
天津市	1	1	0.0077	0.0077	2011-07
广西	36	36	0.0779	0.0779	2005-05
海南省	6	7	0.0694	0.081	2010-11
河北省	4	2	0.0055	0.0027	2013-12
江苏省	10	7	0.0129	0.0091	2010-07
江西省	9	9	0.021	0.021	2005-12
宁夏	1	1	0.0151	0.0151	2015-07
宁夏	1	1	0.0155	0.0155	2013-01
山东省	8	8	0.0083	0.0083	2012-07
河南省	4	4	0.0042	0.0042	2009-12
湖南省	38	33	0.0601	0.0522	2006-12
全国	147	137	0.0109	0.0102	2012-08
浙江省	3	3	0.0062	0.0062	2005-02
海南省	3	3	0.0342	0.0342	2012-10
广西	12	12	0.0252	0.0252	2015-11
山东省	7	7	0.0076	0.0076	2005-10
上海市	0	1		0.0075	2004-12
广西	33	33	0.0699	0.0699	2007-02
广东省	26	27	0.0275	0.0286	2008-08
广东省	14	12	0.0132	0.0113	2013-01
江苏省	14	13	0.0185	0.0172	2007-06
江苏省	5	5	0.0067	0.0067	2005-12
河北省	10	8	0.0142	0.0114	2010-10
湖北省	5	7	0.0087	0.0121	2013-07
山东省	4	4	0.0044	0.0044	2005-08
上海市	1	1	0.0043	0.0043	2011-05
广西	42	46	0.0881	0.0965	2008-11
全国	202	178	0.0155	0.0137	2004-05
广西	7	7	0.0147	0.0147	2016-08
安徽省	6	6	0.0099	0.0099	2016-09
安徽省	8	6	0.0133	0.01	2014-10
广东省	3	3	0.0028	0.0028	2016-12
四川省	2	2	0.0024	0.0024	2005-09
天津市	1	1	0.0093	0.0093	2007-01
湖南省	5	6	0.0075	0.009	2013-12
河北省	12	7	0.0174	0.0101	2007-10
湖南省	9	12	0.0135	0.0179	2014-11
广西	41	41	0.0887	0.0887	2005-01
云南省	6	6	0.0129	0.0129	2013-09
安徽省	1	2	0.0017	0.0033	2014-12
广西	44	39	0.0906	0.0803	2004-01
贵州省	24	21	0.0639	0.0559	2007-11
河北省	7	3	0.0095	0.0041	2014-05
四川省	3	3	0.0034	0.0034	2004-08
湖北省	6	7	0.0105	0.0123	2009-03
重庆市	4	6	0.014	0.021	2010-11
内蒙古	1	1	0.0042	0.0042	2004-11
重庆市	2	2	0.0068	0.0068	2013-02
湖南省	11	9	0.0172	0.014	2010-08
湖北省	4	5	0.0069	0.0086	2016-10
陕西省	3	3	0.008	0.008	2010-03
重庆市	6	5	0.0211	0.0176	2009-01
河南省	3	6	0.0031	0.0062	2004-11
广东省	15	15	0.0156	0.0156	2010-05
河南省	9	10	0.0093	0.0103	2004-04
广东省	37	37	0.0392	0.0392	2008-07
福建省	1	1	0.0028	0.0028	2004-06
云南省	5	5	0.0106	0.0106	2015-06
云南省	14	16	0.031	0.0354	2008-08
北京市	1	1	0.0048	0.0048	2013-03
内蒙古	1	1	0.0042	0.0042	2007-08
湖北省	9	9	0.0158	0.0158	2009-05
重庆市	1	1	0.0032	0.0032	2004-07
陕西省	3	4	0.008	0.0107	2012-06
湖南省	58	52	0.0868	0.0779	2004-07
河北省	5	2	0.0069	0.0028	2012-08
广西	11	11	0.0233	0.0233	2014-01
全国	320	292	0.0243	0.0222	2007-06
安徽省	8	19	0.0124	0.0295	2004-12
河南省	13	9	0.0134	0.0093	2004-05
广西	29	31	0.0602	0.0644	2009-08
陕西省	5	4	0.0133	0.0106	2014-07
湖南省	3	2	0.0045	0.003	2014-06
湖南省	36	38	0.0569	0.0601	2006-09
山西省	1	1	0.0027	0.0027	2015-02
安徽省	1	0	0.0016		2008-12
山东省	3	3	0.0033	0.0033	2004-02
湖南省	4	3	0.0061	0.0045	2012-12
全国	297	280	0.0228	0.0215	2004-08
贵州省	18	15	0.0475	0.0396	2009-01
全国	56	54	0.0041	0.004	2016-08
甘肃省	1	1	0.0039	0.0039	2014-07
江苏省	14	13	0.0185	0.0172	2004-05
江苏省	8	8	0.0107	0.0107	2005-10
河南省	7	9	0.0074	0.0096	2011-01
河北省	1	1	0.0015	0.0015	2006-02
四川省	10	10	0.0122	0.0122	2010-05
北京市	1	1	0.0046	0.0046	2016-11
全国	146	119	0.0112	0.0092	2004-02
河南省	8	5	0.0085	0.0053	2015-11
宁夏	3	3	0.0469	0.0469	2012-08
湖南省	17	17	0.0259	0.0259	2011-10
湖南省	30	38	0.0449	0.0569	2004-04
四川省	12	12	0.0147	0.0147	2010-09
海南省	1	1	0.0113	0.0113	2013-02
四川省	3	3	0.0037	0.0037	2014-10
江西省	8	12	0.0187	0.028	2004-12
辽宁省	1	1	0.0023	0.0023	2013-03
四川省	10	9	0.0124	0.0112	2012-09
海南省	2	2	0.0223	0.0223	2014-10
安徽省	5	4	0.0084	0.0067	2012-08
浙江省	1	1	0.0018	0.0018	2014-05
江苏省	5	4	0.0065	0.0052	2010-03
山西省	3	3	0.0084	0.0084	2011-03
山东省	12	12	0.0128	0.0128	2008-03
陕西省	3	3	0.008	0.008	2011-12
山东省	10	9	0.0104	0.0094	2011-10
江苏省	8	9	0.0101	0.0114	2012-08
辽宁省	1	0	0.0023		2015-07
江西省	0	1		0.0022	2014-10
江西省	1	2	0.0022	0.0044	2016-02
四川省	6	5	0.0074	0.0062	2013-06
重庆市	4	4	0.0134	0.0134	2015-06
河南省	10	10	0.0107	0.0107	2005-07
浙江省	1	0	0.0018		2016-04
浙江省	2	1	0.0039	0.0019	2010-05
湖南省	31	33	0.049	0.0522	2006-03
广东省	20	15	0.0208	0.0156	2010-01
陕西省	2	2	0.0053	0.0053	2016-06
四川省	4	4	0.005	0.005	2012-11
天津市	1	1	0.0081	0.0081	2010-03
山西省	1	1	0.0029	0.0029	2009-01
江西省	4	5	0.0092	0.0115	2007-04
浙江省	4	3	0.0079	0.0059	2008-08
河南省	4	4	0.0042	0.0042	2014-12
安徽省	6	6	0.0099	0.0099	2005-06
山西省	2	1	0.0059	0.003	2007-10
江苏省	3	2	0.0039	0.0026	2009-04
福建省	1	1	0.0028	0.0028	2005-04
安徽省	4	4	0.0066	0.0066	2014-01
山东省	11	11	0.0118	0.0118	2007-10
天津市	1	1	0.0085	0.0085	2009-02
湖北省	16	18	0.028	0.0315	2006-12
江西省	11	10	0.0254	0.023	2007-07
重庆市	5	3	0.0168	0.0101	2014-06
重庆市	2	2	0.0071	0.0071	2006-07
海南省	1	2	0.0121	0.0242	2006-06
重庆市	27	22	0.0962	0.0783	2007-11
湖南省	29	26	0.0454	0.0407	2009-10
河南省	5	5	0.0054	0.0054	2005-04
江西省	2	3	0.0044	0.0066	2015-12
湖北省	26	22	0.0433	0.0366	2004-09
全国	389	376	0.0298	0.0288	2006-10
湖南省	4	4	0.0062	0.0062	2010-12
广东省	5	6	0.0047	0.0056	2014-07
贵州省	22	18	0.0585	0.0478	2008-10
江西省	9	9	0.0207	0.0207	2007-08
湖北省	27	24	0.0449	0.0399	2004-07
贵州省	3	3	0.0086	0.0086	2015-10
重庆市	4	4	0.0136	0.0136	2013-04
湖北省	16	15	0.0266	0.025	2004-05
贵州省	7	8	0.02	0.0228	2015-06
上海市	1	1	0.0041	0.0041	2016-11
贵州省	24	24	0.0648	0.0648	2005-12
湖南省	4	5	0.006	0.0075	2013-01
山西省	2	3	0.0056	0.0083	2012-12
山西省	3	1	0.0082	0.0027	2015-08
北京市	2	2	0.0122	0.0122	2008-04
河南省	3	3	0.0032	0.0032	2012-03
陕西省	0	1		0.0027	2009-10
河北省	2	2	0.0027	0.0027	2016-10
重庆市	5	6	0.0178	0.0214	2007-02
江西省	1	2	0.0022	0.0044	2016-08
山西省	7	7	0.0194	0.0194	2013-09
全国	254	240	0.0193	0.0183	2007-05
贵州省	23	24	0.0606	0.0632	2010-06
湖北省	10	22	0.0166	0.0366	2004-12
重庆市	2	2	0.0071	0.0071	2006-04
江苏省	12	12	0.0159	0.0159	2004-04
河南省	5	4	0.0053	0.0042	2010-02
贵州省	63	62	0.1689	0.1662	2006-10
贵州省	16	17	0.0421	0.0448	2010-02
天津市	1	2	0.0071	0.0142	2013-06
河南省	2	4	0.0021	0.0042	2010-11
四川省	16	18	0.0197	0.0221	2008-05
河北省	3	2	0.0041	0.0027	2013-04
四川省	13	16	0.016	0.0197	2008-09
海南省	2	3	0.0226	0.0338	2013-06
山西省	2	1	0.0056	0.0028	2012-04
安徽省	3	1	0.0049	0.0016	2008-09
广东省	29	26	0.0304	0.0272	2009-02
广西	42	41	0.089	0.0869	2007-07
贵州省	36	33	0.095	0.0871	2009-09
全国	87	84	0.0064	0.0062	2014-11
上海市	1	1	0.0041	0.0041	2014-02
全国	166	172	0.0125	0.013	2009-11
湖南省	14	14	0.0219	0.0219	2009-05
内蒙古	2	1	0.0081	0.004	2011-12
湖北省	7	7	0.0123	0.0123	2008-12
河南省	12	11	0.0126	0.0116	2010-08
陕西省	3	2	0.0079	0.0053	2016-11
陕西省	3	3	0.008	0.008	2014-06
安徽省	3	2	0.0049	0.0033	2010-05
海南省	2	2	0.0226	0.0226	2013-09
全国	125	125	0.0096	0.0096	2005-04
江苏省	14	14	0.0185	0.0185	2004-06
湖南省	5	5	0.0074	0.0074	2016-07
湖北省	23	23	0.0403	0.0403	2006-11
山东省	10	8	0.0106	0.0084	2010-09
福建省	3	3	0.0085	0.0085	2005-07
广西	34	38	0.07	0.0783	2010-09
云南省	11	11	0.0241	0.0241	2010-05
山东省	3	3	0.0033	0.0033	2005-09
安徽省	3	4	0.0049	0.0066	2015-09
河南省	15	12	0.0155	0.0124	2004-06
山西省	3	4	0.0083	0.0111	2012-10
江西省	5	5	0.0117	0.0117	2005-04
安徽省	5	4	0.0084	0.0067	2013-01
山西省	3	3	0.0088	0.0088	2009-07
山西省	2	1	0.0055	0.0027	2016-02
全国	88	76	0.0065	0.0056	2014-06
安徽省	1	1	0.0017	0.0017	2013-04
云南省	9	9	0.0198	0.0198	2009-10
江西省	1	2	0.0022	0.0045	2011-06
江苏省	13	13	0.0172	0.0172	2007-09
云南省	8	12	0.0178	0.0268	2007-08
全国	53	53	0.0039	0.0039	2016-11
浙江省	6	5	0.0119	0.0099	2008-09
湖南省	18	21	0.0284	0.0331	2007-07
重庆市	5	6	0.0171	0.0206	2012-09
河北省	9	8	0.0128	0.0114	2010-03
陕西省	2	2	0.0053	0.0053	2009-08
海南省	4	3	0.0447	0.0335	2014-03
陕西省	11	11	0.0293	0.0293	2013-06
山西省	1	1	0.003	0.003	2007-07
云南省	6	5	0.0129	0.0107	2013-11
河南省	7	5	0.0074	0.0053	2009-05
湖北省	2	3	0.0034	0.0052	2014-07
江苏省	2	3	0.0025	0.0038	2012-12
安徽省	2	1	0.0033	0.0017	2014-07
安徽省	5	4	0.0084	0.0067	2013-07
湖北省	23	24	0.0403	0.042	2006-09
山东省	3	2	0.0031	0.0021	2014-11
山西省	3	3	0.0088	0.0088	2010-12
辽宁省	1	1	0.0024	0.0024	2004-11
河南省	7	7	0.0075	0.0075	2005-02
河南省	13	14	0.0138	0.0149	2012-11
贵州省	56	54	0.1501	0.1448	2006-04
四川省	6	7	0.0074	0.0086	2014-09
上海市	2	2	0.0087	0.0087	2011-08
全国	44	47	0.0032	0.0035	2014-04
河南省	5	6	0.0053	0.0064	2013-01
广西	13	11	0.0275	0.0233	2014-08
福建省	6	6	0.017	0.017	2006-07
甘肃省	1	1	0.0039	0.0039	2016-06
陕西省	4	3	0.0106	0.0079	2015-09
安徽省	5	5	0.0082	0.0082	2005-03
海南省	4	4	0.0461	0.0461	2011-11
全国	189	182	0.0142	0.0136	2010-06
江苏省	13	13	0.0174	0.0174	2005-08
海南省	1	1	0.012	0.012	2007-04
安徽省	5	6	0.0084	0.0101	2011-09
广西	19	20	0.0391	0.0412	2010-03
宁夏	0	1		0.0155	2013-10
江苏省	13	13	0.0174	0.0174	2005-09
山东省	4	3	0.0042	0.0031	2011-04
全国	167	170	0.0125	0.0127	2011-06
广西	32	34	0.0671	0.0713	2008-04
北京市	2	2	0.0102	0.0102	2011-04
内蒙古	0	1		0.0041	2010-02
天津市	1	1	0.0085	0.0085	2009-09
云南省	5	9	0.0106	0.0191	2016-12
湖南省	30	29	0.0472	0.0456	2008-07
浙江省	7	7	0.0144	0.0144	2005-06
湖南省	37	38	0.0585	0.0601	2006-06
湖北省	6	7	0.0105	0.0122	2010-12
山西省	6	4	0.0166	0.0111	2013-12
河南省	3	2	0.0032	0.0021	2016-02
海南省	2	2	0.0246	0.0246	2004-09
河北省	7	7	0.0097	0.0097	2011-12
湖南省	35	35	0.0556	0.0556	2005-09
天津市	1	1	0.0085	0.0085	2009-03
天津市	1	1	0.0085	0.0085	2009-01
河北省	9	39	0.013	0.0565	2007-12
江西省	3	3	0.0067	0.0067	2011-12
福建省	0	1		0.0027	2012-04
全国	136	139	0.0101	0.0104	2011-01
贵州省	23	23	0.0611	0.0611	2008-04
上海市	1	1	0.0052	0.0052	2010-12
重庆市	3	5	0.0104	0.0173	2011-11
云南省	8	9	0.018	0.0202	2006-08
四川省	3	3	0.0037	0.0037	2015-11
安徽省	14	13	0.0229	0.0212	2006-10
河南省	4	4	0.0043	0.0043	2005-12
山东省	4	3	0.0042	0.0031	2012-12
北京市	0	1		0.0048	2013-09
海南省	3	2	0.0346	0.0231	2011-09
广西	13	16	0.0268	0.0329	2010-10
湖南省	25	16	0.0374	0.024	2004-02
河北省	13	10	0.0181	0.0139	2011-08
广西	12	14	0.0254	0.0297	2014-09
陕西省	2	2	0.0053	0.0053	2013-07
河南省	4	4	0.0043	0.0043	2005-03
安徽省	6	8	0.0093	0.0124	2004-02
四川省	2	2	0.0025	0.0025	2015-02
江苏省	4	4	0.0051	0.0051	2012-02
云南省	8	8	0.0176	0.0176	2009-05
湖南省	5	5	0.0074	0.0074	2015-12
广东省	41	42	0.0446	0.0457	2006-09
江西省	2	4	0.0045	0.0089	2012-04
江西省	1	1	0.0022	0.0022	2013-01
北京市	1	1	0.0065	0.0065	2006-02
福建省	1	1	0.0028	0.0028	2005-01
安徽省	2	2	0.0033	0.0033	2013-12
云南省	13	12	0.0284	0.0263	2010-10
重庆市	1	1	0.0033	0.0033	2016-02
安徽省	7	7	0.0115	0.0115	2005-11
河南省	7	5	0.0074	0.0053	2009-03
江苏省	13	13	0.0174	0.0174	2006-10
全国	147	138	0.0111	0.0104	2009-01
云南省	10	12	0.0223	0.0268	2007-10
安徽省	4	2	0.0065	0.0033	2009-05
内蒙古	1	1	0.004	0.004	2015-03
全国	157	156	0.0118	0.0117	2010-05
云南省	2	2	0.0045	0.0045	2007-12
广西	27	27	0.0587	0.0587	2011-04
云南省	4	3	0.0088	0.0066	2009-04
福建省	1	0	0.0027		2013-09
江西省	2	1	0.0046	0.0023	2007-01
重庆市	1	0	0.0033		2016-06
海南省	1	1	0.0114	0.0114	2012-05
山东省	12	12	0.0125	0.0125	2012-01
河南省	8	8	0.0086	0.0086	2005-05
宁夏	2	1	0.0302	0.0151	2015-09
重庆市	4	4	0.0137	0.0137	2012-03
内蒙古	1	1	0.004	0.004	2014-11
山东省	9	7	0.0094	0.0073	2011-08
江苏省	13	12	0.0165	0.0153	2011-08
安徽省	6	7	0.0098	0.0114	2010-06
山东省	1	1	0.001	0.001	2016-07
重庆市	1	1	0.0034	0.0034	2013-01
河南省	4	6	0.0043	0.0064	2013-05
广西	43	41	0.0911	0.0869	2007-03
贵州省	19	19	0.0513	0.0513	2005-03
四川省	2	2	0.0025	0.0025	2014-06
江苏省	5	5	0.0064	0.0064	2011-11
上海市	0	2		0.011	2007-09
内蒙古	1	1	0.0042	0.0042	2007-10
广西	8	9	0.0168	0.0189	2015-05
安徽省	4	4	0.0067	0.0067	2011-11
广东省	14	14	0.0133	0.0133	2012-02
浙江省	2	2	0.004	0.004	2008-01
全国	192	197	0.0144	0.0148	2010-11
全国	246	235	0.0186	0.0178	2008-07
云南省	6	7	0.0129	0.015	2013-07
广西	73	64	0.1503	0.1318	2004-08
云南省	2	2	0.0045	0.0045	2005-03
江西省	9	8	0.021	0.0187	2004-04
河南省	8	4	0.0085	0.0043	2012-10
湖北省	2	0	0.0035		2013-11
海南省	2	2	0.0234	0.0234	2009-12
四川省	10	10	0.0123	0.0123	2008-02
河北省	3	3	0.0043	0.0043	2007-02
四川省	38	35	0.0465	0.0428	2007-06
浙江省	6	6	0.0123	0.0123	2005-09
江西省	5	5	0.0111	0.0111	2012-08
贵州省	22	19	0.0633	0.0547	2011-11
贵州省	46	39	0.1233	0.1046	2006-06
广东省	7	7	0.0066	0.0066	2013-06
山东省	6	6	0.0065	0.0065	2006-04
江苏省	4	5	0.0052	0.0065	2009-07
天津市	1	1	0.009	0.009	2008-02
广东省	17	16	0.0162	0.0152	2012-09
福建省	8	8	0.0225	0.0225	2007-07
河南省	3	3	0.0031	0.0031	2004-01
江西省	5	5	0.0116	0.0116	2006-06
湖北省	16	16	0.0281	0.0281	2005-12
广西	7	6	0.0147	0.0126	2015-12
江苏省	4	4	0.005	0.005	2014-05
江西省	2	3	0.0044	0.0066	2016-10
四川省	11	15	0.0135	0.0185	2008-10
广东省	40	35	0.0423	0.037	2008-10
广西	8	8	0.0168	0.0168	2016-11
上海市	0	1		0.0053	2009-04
贵州省	10	10	0.027	0.027	2005-02
云南省	8	6	0.0172	0.0129	2013-05
北京市	3	3	0.0171	0.0171	2010-03
湖南省	31	31	0.0493	0.0493	2005-12
山东省	7	5	0.0074	0.0053	2009-06
江苏省	8	7	0.0101	0.0088	2015-08
湖北省	3	3	0.0052	0.0052	2010-02
江苏省	2	2	0.0025	0.0025	2016-07
河北省	3	2	0.0041	0.0027	2015-01
山西省	6	7	0.0175	0.0204	2010-06
贵州省	16	16	0.0461	0.0461	2012-08
广西	36	43	0.0763	0.0911	2007-12
四川省	22	21	0.0268	0.0256	2006-07
天津市	2	1	0.0132	0.0066	2016-06
浙江省	1	1	0.0018	0.0018	2013-06
山东省	12	13	0.0125	0.0136	2011-09
浙江省	4	6	0.0078	0.0117	2009-12
重庆市	11	8	0.0385	0.028	2010-10
浙江省	4	4	0.0082	0.0082	2005-08
陕西省	1	3	0.0026	0.0079	2015-07
北京市	0	1		0.0057	2010-09
山西省	4	0	0.011		2016-06
安徽省	2	2	0.0033	0.0033	2008-01
湖北省	12	12	0.021	0.021	2010-06
天津市	1	1	0.0066	0.0066	2016-07
山东省	4	3	0.0043	0.0032	2008-02
湖北省	29	26	0.0483	0.0433	2004-06
山东省	11	11	0.0117	0.0117	2008-08
重庆市	5	5	0.0173	0.0173	2011-05
四川省	6	7	0.0073	0.0086	2009-03
全国	244	244	0.0188	0.0188	2004-11
广东省	14	13	0.0176	0.0163	2004-03
山西省	12	10	0.0336	0.028	2011-07
福建省	1	1	0.0028	0.0028	2008-11
山东省	3	3	0.0033	0.0033	2005-02
山东省	5	5	0.0055	0.0055	2004-12
河北省	8	7	0.0114	0.01	2010-12
河北省	5	3	0.0068	0.0041	2016-06
广西	1	1	0.0021	0.0021	2016-04
河南省	4	4	0.0043	0.0043	2013-06
山东省	7	7	0.0076	0.0076	2006-05
广东省	22	18	0.0228	0.0187	2010-06
山东省	16	14	0.017	0.0149	2009-09
山东省	4	4	0.0041	0.0041	2014-08
全国	273	273	0.021	0.021	2005-07
北京市	1	1	0.0059	0.0059	2009-06
江西省	5	4	0.0112	0.009	2011-05
湖南省	10	12	0.0156	0.0187	2010-06
广西	25	25	0.0519	0.0519	2009-02
全国	356	351	0.0271	0.0267	2007-09
江苏省	11	12	0.0144	0.0157	2008-07
内蒙古	3	4	0.0121	0.0162	2011-08
内蒙古	1	1	0.004	0.004	2011-03
辽宁省	1	1	0.0023	0.0023	2013-08
全国	164	156	0.0123	0.0117	2009-02
陕西省	4	2	0.0106	0.0053	2016-08
江苏省	6	7	0.0076	0.0089	2012-03
湖北省	4	4	0.0069	0.0069	2016-07
吉林省	1	1	0.0037	0.0037	2007-10
广西	36	36	0.0748	0.0748	2009-10
广东省	7	7	0.0065	0.0065	2015-08
广西	20	16	0.0427	0.0342	2013-05
山东省	12	11	0.0129	0.0118	2007-06
广东省	19	15	0.0199	0.0157	2009-03
福建省	4	4	0.0112	0.0112	2007-10
四川省	7	8	0.0087	0.0099	2011-01
陕西省	2	3	0.0053	0.008	2010-12
云南省	2	1	0.0046	0.0023	2004-10
陕西省	5	4	0.0133	0.0107	2013-08
江西省	5	5	0.0114	0.0114	2008-08
江苏省	1	1	0.0013	0.0013	2013-07
宁夏	0	1		0.0153	2014-11
湖北省	3	2	0.0052	0.0034	2016-06
陕西省	4	5	0.0107	0.0134	2011-10
湖南省	15	29	0.0237	0.0457	2007-12
浙江省	4	5	0.0085	0.0106	2004-02
河北省	18	9	0.0263	0.0131	2006-08
浙江省	4	4	0.0082	0.0082	2005-05
河南省	8	9	0.0085	0.0096	2012-06
浙江省	1	1	0.0018	0.0018	2012-07
广东省	6	5	0.0057	0.0048	2012-06
广东省	17	14	0.0214	0.0176	2004-06
云南省	8	13	0.0176	0.0286	2009-08
江苏省	7	6	0.0091	0.0078	2010-04
江苏省	9	8	0.0114	0.0102	2011-06
陕西省	3	3	0.008	0.008	2011-11
重庆市	0	2		0.0069	2012-01
云南省	6	5	0.0127	0.0106	2016-06
海南省	3	3	0.0347	0.0347	2010-01
四川省	3	4	0.0037	0.0049	2009-11
天津市	1	1	0.0093	0.0093	2007-05
北京市	1	1	0.005	0.005	2012-04
湖北省	3	3	0.0053	0.0053	2005-05
浙江省	1	0	0.0018		2015-12
山东省	17	14	0.0184	0.0151	2006-07
广西	35	35	0.0757	0.0757	2005-09
全国	40	41	0.0029	0.003	2016-02
山东省	4	4	0.0044	0.0044	2004-01
浙江省	2	2	0.0037	0.0037	2012-06
江西省	12	14	0.0277	0.0323	2007-10
山东省	7	8	0.0074	0.0084	2010-08
浙江省	8	8	0.0161	0.0161	2007-11
安徽省	5	4	0.0082	0.0065	2010-12
四川省	2	3	0.0025	0.0037	2012-03
浙江省	7	7	0.0137	0.0137	2009-07
湖南省	13	13	0.0203	0.0203	2010-05
云南省	1	1	0.0022	0.0022	2006-11
山东省	15	14	0.016	0.0149	2008-09
内蒙古	1	0	0.0041		2010-01
陕西省	5	4	0.0133	0.0106	2009-09
河南省	8	4	0.0085	0.0043	2012-05
四川省	11	11	0.0137	0.0137	2011-07
江苏省	5	5	0.0065	0.0065	2009-05
贵州省	53	50	0.1421	0.134	2006-11
广东省	28	34	0.0301	0.0365	2007-12
海南省	1	1	0.0113	0.0113	2013-11
北京市	2	2	0.0118	0.0118	2009-09
福建省	4	7	0.0112	0.0197	2007-12
湖北省	11	8	0.0193	0.014	2009-06
湖北省	1	2	0.0017	0.0035	2013-04
湖北省	7	6	0.0122	0.0104	2012-07
全国	103	92	0.0076	0.0068	2013-05
甘肃省	1	1	0.0039	0.0039	2015-08
山东省	0	1		0.001	2015-12
内蒙古	1	1	0.004	0.004	2016-05
宁夏	1	1	0.0155	0.0155	2013-05
广西	51	52	0.1094	0.1116	2006-08
河南省	8	8	0.0084	0.0084	2010-07
贵州省	48	43	0.1278	0.1144	2007-07
重庆市	2	2	0.0067	0.0067	2016-05
贵州省	2	3	0.0057	0.0086	2014-04
全国	206	209	0.0154	0.0156	2011-09
河北省	8	6	0.011	0.0082	2013-05
湖南省	14	11	0.0212	0.0167	2012-06
福建省	2	2	0.0057	0.0057	2005-05
重庆市	4	5	0.014	0.0175	2010-02
浙江省	6	6	0.0123	0.0123	2005-01
湖南省	14	15	0.0219	0.0234	2010-04
广西	31	27	0.0674	0.0587	2011-08
内蒙古	1	1	0.004	0.004	2014-10
全国	62	56	0.0046	0.0041	2015-12
浙江省	6	4	0.0117	0.0078	2009-11
四川省	5	3	0.0062	0.0037	2011-02
福建省	1	1	0.0028	0.0028	2004-01
四川省	7	7	0.0085	0.0085	2006-03
河南省	12	9	0.0127	0.0096	2014-09
贵州省	27	29	0.0718	0.0771	2008-06
西藏	1	1	0.0315	0.0315	2015-09
陕西省	10	7	0.0268	0.0188	2011-08
江苏省	10	10	0.0134	0.0134	2006-06
河南省	9	6	0.0095	0.0063	2010-12
内蒙古	1	0	0.004		2014-09
湖南省	10	10	0.0156	0.0156	2010-01
山东省	1	2	0.001	0.002	2015-07
四川省	3	3	0.0037	0.0037	2006-01
河北省	1	1	0.0015	0.0015	2005-11
四川省	1	2	0.0012	0.0025	2014-01
湖南省	40	31	0.0631	0.0489	2007-01
甘肃省	1	1	0.0039	0.0039	2016-04
广东省	30	30	0.0326	0.0326	2006-11
山东省	4	4	0.0043	0.0043	2006-03
江西省	15	14	0.0343	0.0321	2008-10
全国	92	87	0.0069	0.0065	2011-02
上海市	1	1	0.0052	0.0052	2010-10
上海市	1	1	0.0043	0.0043	2011-01
浙江省	4	5	0.008	0.01	2007-04
湖南省	2	2	0.003	0.003	2016-04
河北省	1	1	0.0015	0.0015	2004-12
全国	252	243	0.0191	0.0184	2008-06
江苏省	3	1	0.0038	0.0013	2013-08
内蒙古	2	2	0.008	0.008	2013-12
贵州省	42	39	0.1118	0.1038	2007-05
重庆市	3	2	0.0102	0.0068	2013-07
天津市	4	4	0.0372	0.0372	2007-08
江苏省	6	8	0.0076	0.0102	2011-07
湖南省	4	5	0.006	0.0075	2014-08
浙江省	7	7	0.0143	0.0143	2006-06
山东省	3	2	0.0031	0.002	2015-01
北京市	2	1	0.0097	0.0048	2013-01
广西	9	8	0.0196	0.0174	2011-02
云南省	5	3	0.0111	0.0066	2008-09
云南省	3	2	0.0069	0.0046	2004-08
贵州省	42	40	0.1126	0.1072	2006-01
贵州省	4	4	0.0114	0.0114	2016-04
江西省	7	8	0.0158	0.018	2010-09
陕西省	1	1	0.0027	0.0027	2005-06
江西省	1	0	0.0022		2016-01
四川省	5	6	0.0062	0.0074	2013-03
全国	50	44	0.0037	0.0032	2014-02
贵州省	30	27	0.0792	0.0713	2009-08
广东省	36	36	0.0392	0.0392	2006-05
山西省	2	2	0.0056	0.0056	2012-01
广东省	14	16	0.0134	0.0153	2011-12
广西	51	49	0.1081	0.1038	2007-09
福建省	1	1	0.0028	0.0028	2008-01
云南省	4	3	0.0085	0.0064	2014-02
广东省	11	10	0.0105	0.0095	2012-03
河南省	7	9	0.0074	0.0095	2010-09
全国	62	55	0.0046	0.0041	2014-12
上海市	2	2	0.0112	0.0112	2006-12
四川省	2	2	0.0025	0.0025	2015-01
云南省	8	9	0.0174	0.0196	2011-03
安徽省	19	14	0.0295	0.0217	2004-04
浙江省	8	6	0.0161	0.012	2007-10
湖南省	7	6	0.0105	0.009	2013-07
内蒙古	2	3	0.008	0.012	2013-01
广东省	19	24	0.0201	0.0254	2008-12
广西	9	8	0.0189	0.0168	2015-07
上海市	1	1	0.0056	0.0056	2006-09
湖南省	5	4	0.0074	0.0059	2015-01
海南省	1	2	0.0111	0.0221	2015-12
重庆市	1	1	0.0033	0.0033	2016-11
全国	232	226	0.0176	0.0171	2008-09
山西省	5	3	0.0138	0.0083	2014-06
全国	161	166	0.0124	0.0128	2004-03
浙江省	6	6	0.0128	0.0128	2004-06
贵州省	4	2	0.0114	0.0057	2016-05
全国	111	109	0.0082	0.0081	2012-06
全国	135	144	0.0101	0.0108	2010-12
云南省	10	10	0.0218	0.0218	2011-06
江西省	9	7	0.0207	0.0161	2007-09
海南省	7	9	0.081	0.1042	2010-03
福建省	2	2	0.0055	0.0055	2009-06
湖北省	4	5	0.0069	0.0086	2014-04
重庆市	1	1	0.0033	0.0033	2015-07
江苏省	6	7	0.0076	0.0089	2011-01
河南省	1	1	0.0011	0.0011	2015-04
河北省	1	1	0.0015	0.0015	2004-11
江苏省	2	2	0.0025	0.0025	2011-02
四川省	46	45	0.0563	0.0551	2007-07
海南省	7	7	0.0828	0.0828	2008-07
安徽省	1	1	0.0017	0.0017	2014-06
全国	66	62	0.0048	0.0046	2015-05
安徽省	6	6	0.0101	0.0101	2011-08
湖南省	49	51	0.0734	0.0764	2004-06
河南省	15	12	0.016	0.0128	2011-05
安徽省	16	18	0.0261	0.0294	2006-07
贵州省	11	8	0.0317	0.023	2011-04
广西	25	21	0.0538	0.0452	2012-04
山西省	4	4	0.011	0.011	2014-02
重庆市	4	5	0.0139	0.0173	2011-01
北京市	1	1	0.0048	0.0048	2013-07
内蒙古	1	1	0.004	0.004	2014-08
重庆市	12	12	0.042	0.042	2010-07
河北省	1	1	0.0014	0.0014	2016-04
安徽省	16	16	0.0248	0.0248	2004-11
福建省	3	3	0.0083	0.0083	2004-03
河南省	16	15	0.017	0.0159	2009-07
陕西省	2	2	0.0054	0.0054	2011-04
河南省	13	11	0.0139	0.0117	2006-05
河南省	11	6	0.0113	0.0062	2004-03
甘肃省	1	1	0.0039	0.0039	2013-09
海南省	2	2	0.0246	0.0246	2004-04
江苏省	4	3	0.0052	0.0039	2010-01
安徽省	9	9	0.0148	0.0148	2005-12
山东省	2	3	0.002	0.0031	2015-05
海南省	3	4	0.0342	0.0456	2012-03
山东省	4	4	0.0041	0.0041	2016-09
云南省	14	16	0.0305	0.0348	2011-08
江苏省	2	2	0.0025	0.0025	2013-05
山东省	7	11	0.0073	0.0115	2011-07
贵州省	20	20	0.0528	0.0528	2009-06
内蒙古	1	1	0.004	0.004	2016-11
贵州省	1	2	0.0029	0.0057	2014-02
云南省	26	24	0.0576	0.0532	2008-06
广东省	16	15	0.0174	0.0163	2006-02
湖北省	10	10	0.0176	0.0176	2005-03
湖南省	26	27	0.0409	0.0425	2008-10
安徽省	2	2	0.0033	0.0033	2013-06
山东省	3	2	0.0031	0.0021	2014-03
安徽省	12	10	0.0186	0.0155	2004-03
河北省	1	2	0.0015	0.0029	2004-04
河南省	15	12	0.016	0.0128	2007-11
河南省	7	6	0.0075	0.0064	2012-12
北京市	2	1	0.0099	0.005	2012-11
浙江省	4	3	0.0077	0.0058	2010-11
全国	231	217	0.0172	0.0162	2011-08
贵州省	27	28	0.0706	0.0732	2004-10
湖南省	42	42	0.0664	0.0664	2006-07
河南省	6	6	0.0064	0.0064	2009-11
山西省	1	1	0.0029	0.0029	2010-04
湖北省	16	16	0.0281	0.0281	2005-07
河北省	9	9	0.0131	0.0131	2006-06
湖北省	9	9	0.0156	0.0156	2012-09
江苏省	11	12	0.0146	0.0159	2007-07
江西省	1	1	0.0023	0.0023	2010-04
广西	25	22	0.0519	0.0457	2009-01
海南省	4	5	0.0468	0.0585	2009-02
贵州省	11	11	0.0297	0.0297	2005-01
福建省	1	1	0.0028	0.0028	2008-04
云南省	2	2	0.0045	0.0045	2006-03
湖北省	11	15	0.0193	0.0263	2007-12
四川省	6	3	0.0075	0.0037	2011-08
河北省	7	5	0.0095	0.0068	2014-07
全国	49	45	0.0036	0.0033	2016-01
安徽省	13	13	0.0214	0.0214	2005-08
湖南省	3	3	0.0045	0.0045	2016-02
福建省	1	0	0.0028		2010-10
天津市	1	1	0.0093	0.0093	2007-10
云南省	3	2	0.0064	0.0042	2015-03
山东省	3	3	0.0031	0.0031	2013-03
河北省	10	7	0.0139	0.0097	2011-07
广东省	38	37	0.0413	0.0402	2006-08
河南省	16	10	0.017	0.0106	2013-10
山东省	4	4	0.0041	0.0041	2016-03
云南省	1	1	0.0022	0.0022	2006-04
山西省	0	1		0.0029	2010-02
广西	16	14	0.0342	0.0299	2013-03
河南省	7	7	0.0074	0.0074	2014-07
天津市	1	1	0.0096	0.0096	2006-06
重庆市	7	4	0.0247	0.0141	2009-12
湖北省	2	3	0.0034	0.0052	2015-08
海南省	2	2	0.0223	0.0223	2014-08
四川省	3	1	0.0037	0.0012	2016-04
辽宁省	1	1	0.0023	0.0023	2012-07
湖南省	5	6	0.0075	0.009	2014-09
江苏省	18	15	0.0238	0.0198	2004-01
四川省	14	13	0.0171	0.0159	2009-09
广东省	12	9	0.0113	0.0085	2013-08
山东省	8	10	0.0085	0.0106	2009-08
山西省	8	11	0.0224	0.0308	2011-06
云南省	7	7	0.0148	0.0148	2015-08
山东省	3	2	0.0031	0.002	2016-05
河南省	11	10	0.0118	0.0107	2008-07
江苏省	4	4	0.0052	0.0052	2008-09
山西省	3	2	0.0083	0.0055	2014-07
云南省	1	1	0.0023	0.0023	2005-02
广东省	24	23	0.0254	0.0243	2008-04
北京市	1	1	0.0061	0.0061	2008-07
安徽省	3	5	0.0049	0.0082	2006-02
安徽省	7	5	0.0115	0.0082	2007-04
北京市	1	0	0.0063		2007-01
山西省	10	7	0.0278	0.0195	2012-03
广西	16	18	0.0342	0.0384	2013-11
云南省	1	1	0.0021	0.0021	2015-10
江西省	2	1	0.0044	0.0022	2013-07
山东省	8	8	0.0083	0.0083	2013-09
江苏省	1	2	0.0013	0.0025	2014-04
福建省	6	5	0.0169	0.0141	2007-08
浙江省	1	1	0.0018	0.0018	2012-02
浙江省	2	3	0.004	0.0059	2008-12
河南省	3	3	0.0032	0.0032	2011-04
湖北省	9	11	0.0158	0.0193	2006-02
广西	16	15	0.0337	0.0316	2015-06
四川省	31	31	0.0377	0.0377	2006-11
全国	330	315	0.0245	0.0234	2012-01
山东省	6	6	0.0063	0.0063	2010-07
湖北省	9	7	0.0158	0.0123	2009-02
河北省	6	1	0.0084	0.0014	2011-04
广东省	36	34	0.0453	0.0427	2004-10
山东省	5	5	0.0054	0.0054	2005-12
重庆市	16	30	0.057	0.1068	2007-12
山西省	1	1	0.0027	0.0027	2015-12
湖南省	10	7	0.0152	0.0107	2011-04
山东省	13	16	0.0141	0.0173	2006-08
重庆市	4	3	0.0136	0.0102	2013-05
福建省	4	5	0.0113	0.0141	2006-11
云南省	6	7	0.0131	0.0153	2010-04
重庆市	6	4	0.0214	0.0142	2007-01
重庆市	2	2	0.0067	0.0067	2016-09
山东省	3	4	0.0032	0.0042	2009-04
宁夏	1	1	0.0151	0.0151	2015-02
重庆市	0	1		0.0034	2013-12
云南省	5	5	0.0107	0.0107	2013-08
广东省	27	23	0.029	0.0247	2007-11
湖北省	6	5	0.0104	0.0087	2012-10
广西	45	42	0.0944	0.0881	2008-10
浙江省	2	2	0.0036	0.0036	2016-12
河南省	9	7	0.0096	0.0075	2008-12
湖北省	12	12	0.0211	0.0211	2007-10
河北省	16	8	0.0229	0.0114	2009-09
贵州省	61	64	0.1635	0.1716	2006-07
广西	24	26	0.0517	0.056	2012-11
山西省	3	0	0.0088		2008-12
江西省	4	3	0.0092	0.0069	2007-03
山西省	4	0	0.011		2016-01
四川省	21	19	0.0258	0.0234	2008-01
新疆	1	1	0.0046	0.0046	2011-05
河北省	9	9	0.0129	0.0129	2009-04
重庆市	9	11	0.0315	0.0385	2010-05
广西	18	17	0.0388	0.0366	2012-09
广东省	26	25	0.0249	0.024	2011-11
广西	19	19	0.0409	0.0409	2012-05
四川省	5	4	0.0061	0.0049	2010-12
山东省	3	2	0.0031	0.0021	2011-01
贵州省	28	24	0.0744	0.0638	2008-07
贵州省	12	14	0.0345	0.0403	2011-06
辽宁省	1	1	0.0023	0.0023	2014-10
陕西省	3	3	0.008	0.008	2009-07
广东省	36	43	0.0392	0.0468	2006-12
福建省	1	1	0.0028	0.0028	2008-09
湖南省	17	16	0.0258	0.0243	2012-08
山西省	9	8	0.0252	0.0224	2011-10
河南省	9	8	0.0095	0.0085	2015-01
宁夏	1	0	0.0151		2015-12
北京市	2	1	0.0114	0.0057	2010-08
重庆市	10	8	0.0355	0.0284	2008-11
江苏省	10	10	0.013	0.013	2009-10
上海市	1	1	0.0056	0.0056	2006-06
福建省	1	1	0.0026	0.0026	2015-08
福建省	3	3	0.0085	0.0085	2006-01
山东省	6	3	0.0065	0.0033	2004-05
河北省	9	5	0.013	0.0072	2007-04
河北省	1	1	0.0014	0.0014	2016-11
贵州省	5	4	0.0143	0.0114	2014-11
北京市	1	1	0.0057	0.0057	2010-04
山东省	11	7	0.0115	0.0073	2011-06
重庆市	14	17	0.0493	0.0599	2009-08
上海市	4	2	0.022	0.011	2007-08
天津市	1	1	0.0074	0.0074	2012-03
山东省	16	18	0.0172	0.0193	2007-09
云南省	4	4	0.0088	0.0088	2009-11
山西省	0	1		0.0029	2009-11
山西省	1	1	0.0027	0.0027	2015-07
江西省	1	1	0.0022	0.0022	2012-12
江西省	4	3	0.0091	0.0068	2009-02
四川省	5	3	0.0061	0.0037	2016-07
四川省	10	9	0.0122	0.011	2006-05
海南省	1	1	0.0113	0.0113	2013-10
贵州省	19	20	0.0505	0.0532	2008-02
广东省	27	28	0.0286	0.0296	2008-11
贵州省	3	3	0.0086	0.0086	2014-05
江西省	2	2	0.0046	0.0046	2008-05
全国	177	170	0.0132	0.0127	2011-05
山东省	13	14	0.0139	0.0149	2008-10
贵州省	46	44	0.1224	0.1171	2007-06
江苏省	10	10	0.0134	0.0134	2005-01
安徽省	5	7	0.0082	0.0115	2007-07
全国	296	284	0.0228	0.0218	2004-09
山东省	6	7	0.0063	0.0073	2011-02
广东省	5	3	0.0047	0.0028	2016-01
湖南省	12	12	0.0178	0.0178	2016-01
广西	30	30	0.0649	0.0649	2005-03
河南省	21	19	0.0224	0.0203	2006-10
陕西省	4	4	0.0106	0.0106	2015-02
重庆市	4	4	0.0137	0.0137	2012-02
云南省	7	6	0.0154	0.0132	2009-02
江西省	1	0	0.0023		2009-06
重庆市	16	13	0.0564	0.0458	2009-07
山西省	9	7	0.025	0.0195	2012-09
江西省	4	5	0.0091	0.0114	2009-08
天津市	2	3	0.0179	0.0269	2008-09
上海市	0	1		0.0053	2009-11
云南省	11	12	0.0236	0.0258	2013-06
甘肃省	2	1	0.0077	0.0039	2015-05
湖南省	15	18	0.0228	0.0274	2011-11
陕西省	3	5	0.008	0.0133	2009-05
重庆市	10	7	0.0352	0.0247	2009-03
山西省	3	0	0.0083		2014-09
宁夏	1	2	0.0153	0.0306	2014-04
广西	26	33	0.0535	0.068	2004-03
重庆市	5	6	0.0173	0.0208	2011-07
贵州省	19	20	0.0501	0.0528	2009-02
浙江省	1	1	0.0018	0.0018	2011-11
福建省	5	4	0.0141	0.0113	2006-03
天津市	1	0	0.009		2008-08
云南省	8	9	0.0173	0.0194	2012-07
山东省	6	6	0.0065	0.0065	2004-07
安徽省	5	5	0.0081	0.0081	2009-12
陕西省	5	5	0.0134	0.0134	2011-07
山东省	3	2	0.0031	0.002	2015-10
湖北省	4	3	0.0069	0.0052	2014-03
云南省	4	6	0.0086	0.013	2012-12
山西省	5	2	0.0137	0.0055	2015-06
贵州省	14	15	0.0403	0.0432	2011-12
广东省	3	4	0.0028	0.0038	2014-04
四川省	12	10	0.0148	0.0123	2008-06
重庆市	4	4	0.0137	0.0137	2012-06
江苏省	1	1	0.0013	0.0013	2016-08
山东省	6	6	0.0063	0.0063	2010-06
江苏省	14	14	0.0188	0.0188	2005-05
江苏省	4	5	0.0051	0.0063	2012-11
山西省	9	8	0.0252	0.0224	2011-08
安徽省	2	2	0.0033	0.0033	2013-09
河南省	19	17	0.0202	0.0181	2007-06
全国	77	66	0.0057	0.0048	2016-10
河南省	15	6	0.0159	0.0064	2014-10
内蒙古	0	1		0.0042	2004-12
内蒙古	0	1		0.004	2011-02
江西省	8	7	0.018	0.0158	2010-08
贵州省	5	5	0.0143	0.0143	2015-01
湖南省	5	6	0.0076	0.0091	2012-03
内蒙古	2	1	0.008	0.004	2013-10
山西省	3	3	0.0083	0.0083	2014-12
福建省	1	1	0.0027	0.0027	2013-05
河北省	4	5	0.0054	0.0068	2015-08
安徽省	3	2	0.0049	0.0033	2010-08
广西	49	48	0.1052	0.103	2006-10
海南省	5	5	0.0579	0.0579	2010-07
四川省	4	4	0.005	0.005	2011-03
内蒙古	1	0	0.004		2015-08
湖南省	40	40	0.0636	0.0636	2005-10
广东省	13	13	0.0122	0.0122	2014-11
广东省	26	26	0.0283	0.0283	2006-04
江苏省	7	9	0.0092	0.0118	2008-05
天津市	1	1	0.0081	0.0081	2010-02
贵州省	29	28	0.0835	0.0806	2011-08
湖北省	10	11	0.0175	0.0193	2008-07
全国	76	64	0.0056	0.0047	2014-03
河南省	7	8	0.0074	0.0085	2011-06
辽宁省	1	1	0.0023	0.0023	2011-10
江苏省	1	1	0.0013	0.0013	2009-12
福建省	1	1	0.0028	0.0028	2006-12
全国	145	152	0.0108	0.0113	2011-12
湖南省	3	2	0.0045	0.003	2015-05
山东省	5	5	0.0054	0.0054	2006-02
江西省	14	14	0.0327	0.0327	2005-10
贵州省	7	7	0.0201	0.0201	2013-06
河南省	6	4	0.0064	0.0043	2012-01
湖南省	6	5	0.0089	0.0074	2016-11
陕西省	4	3	0.0107	0.008	2012-12
云南省	3	3	0.0064	0.0064	2014-03
江西省	12	10	0.028	0.0233	2004-06
广西	66	67	0.1359	0.138	2004-09
湖南省	19	19	0.0302	0.0302	2005-03
山东省	2	1	0.002	0.001	2015-06
广西	23	23	0.0482	0.0482	2008-07
山东省	4	4	0.0042	0.0042	2010-12
河南省	6	5	0.0064	0.0053	2013-12
广西	14	14	0.0297	0.0297	2014-10
云南省	13	11	0.0283	0.0239	2011-07
安徽省	1	1	0.0016	0.0016	2015-03
云南省	5	6	0.0109	0.0131	2011-01
湖南省	17	17	0.0259	0.0259	2011-09
湖南省	7	7	0.0105	0.0105	2013-10
北京市	1	1	0.0063	0.0063	2007-07
山东省	3	3	0.0031	0.0031	2014-09
全国	160	171	0.0121	0.0129	2008-12
湖北省	9	8	0.0157	0.014	2011-07
贵州省	59	59	0.1593	0.1593	2005-10
湖南省	9	10	0.0136	0.0151	2013-09
四川省	1	2	0.0012	0.0025	2011-11
全国	143	138	0.0106	0.0102	2012-09
湖北省	2	2	0.0035	0.0035	2013-02
云南省	4	4	0.0091	0.0091	2005-08
云南省	4	4	0.0089	0.0089	2008-11
内蒙古	1	1	0.0042	0.0042	2008-06
河南省	5	6	0.0053	0.0063	2010-01
北京市	0	1		0.0051	2011-12
湖南省	60	61	0.0898	0.0913	2004-08
湖北省	3	4	0.0052	0.007	2010-04
山西省	4	5	0.0117	0.0147	2009-09
海南省	4	3	0.0451	0.0338	2013-01
河南省	15	13	0.016	0.0139	2006-11
云南省	4	4	0.0088	0.0088	2009-12
云南省	2	2	0.0045	0.0045	2007-01
福建省	2	2	0.0056	0.0056	2008-06
河南省	16	14	0.017	0.0148	2016-09
重庆市	15	13	0.052	0.0451	2011-06
河南省	8	8	0.0085	0.0085	2012-07
福建省	5	5	0.0141	0.0141	2006-06
河北省	6	5	0.0086	0.0072	2008-10
西藏	1	1	0.0315	0.0315	2016-07
湖南省	16	19	0.0251	0.0298	2009-08
内蒙古	1	0	0.004		2012-12
江西省	2	2	0.0045	0.0045	2011-10
福建省	3	3	0.0085	0.0085	2005-12
四川省	52	55	0.0637	0.0673	2007-08
湖南省	9	9	0.0134	0.0134	2015-11
安徽省	2	2	0.0033	0.0033	2014-05
贵州省	5	7	0.0144	0.0202	2012-10
内蒙古	1	1	0.004	0.004	2015-10
江苏省	12	9	0.0159	0.0119	2007-05
山西省	3	2	0.0082	0.0055	2015-04
重庆市	0	1		0.0034	2014-03
贵州省	27	25	0.0719	0.0665	2007-03
山东省	6	6	0.0062	0.0062	2013-01
广西	56	56	0.1202	0.1202	2006-09
四川省	8	7	0.0098	0.0086	2010-04
山东省	11	11	0.012	0.012	2005-11
陕西省	2	3	0.0053	0.008	2013-09
全国	197	198	0.0148	0.0148	2010-07
广东省	31	34	0.0325	0.0356	2009-07
北京市	0	1		0.0048	2013-02
湖南省	5	5	0.0074	0.0074	2016-09
贵州省	5	4	0.0131	0.0105	2004-01
河北省	1	0	0.0015		2004-03
贵州省	4	4	0.0115	0.0115	2013-03
陕西省	2	1	0.0053	0.0027	2014-03
重庆市	13	15	0.0462	0.0533	2008-06
陕西省	2	2	0.0053	0.0053	2013-11
广东省	7	7	0.0065	0.0065	2015-05
云南省	4	5	0.0085	0.0106	2016-02
贵州省	10	9	0.0287	0.0258	2013-09
四川省	4	4	0.0049	0.0049	2005-03
河北省	6	5	0.0082	0.0069	2013-01
浙江省	1	1	0.002	0.002	2009-08
广西	2	2	0.0042	0.0042	2016-03
重庆市	2	1	0.0067	0.0034	2014-12
四川省	5	3	0.0062	0.0037	2012-02
重庆市	4	3	0.0137	0.0103	2012-12
浙江省	5	5	0.0099	0.0099	2008-07
上海市	1	0	0.0075		2004-09
广西	30	28	0.0636	0.0593	2007-05
浙江省	7	7	0.0144	0.0144	2005-10
江苏省	8	7	0.0105	0.0092	2008-08
海南省	5	5	0.0598	0.0598	2007-08
海南省	7	5	0.081	0.0579	2010-02
浙江省	6	6	0.0128	0.0128	2004-08
上海市	1	1	0.0053	0.0053	2009-09
浙江省	8	7	0.0161	0.0141	2007-09
湖北省	2	3	0.0035	0.0052	2013-01
广东省	31	29	0.0322	0.0301	2010-09
山东省	18	17	0.0193	0.0183	2007-08
江西省	4	5	0.0089	0.0111	2013-09
广东省	23	23	0.0239	0.0239	2010-08
贵州省	19	17	0.05	0.0448	2010-08
陕西省	7	7	0.0186	0.0186	2009-06
山东省	5	7	0.0052	0.0073	2012-03
广西	5	5	0.0106	0.0106	2014-04
河北省	10	10	0.0144	0.0144	2008-08
重庆市	18	17	0.0639	0.0604	2008-05
河南省	5	6	0.0053	0.0064	2014-05
全国	243	268	0.0186	0.0205	2006-12
四川省	5	5	0.0062	0.0062	2012-06
湖北省	10	10	0.0176	0.0176	2007-01
福建省	4	3	0.0112	0.0084	2007-06
江西省	1	0	0.0022		2012-02
云南省	4	4	0.009	0.009	2006-09
江西省	4	5	0.0093	0.0116	2006-02
广东省	23	26	0.0241	0.0272	2009-12
湖南省	11	10	0.0166	0.0151	2013-11
全国	91	86	0.0068	0.0064	2012-02
海南省	14	14	0.1657	0.1657	2008-10
江西省	4	4	0.0089	0.0089	2013-08
河北省	13	10	0.0187	0.0144	2008-04
海南省	2	2	0.0223	0.0223	2014-01
广东省	7	8	0.0066	0.0075	2014-08
湖南省	26	26	0.041	0.041	2007-04
湖北省	6	6	0.0105	0.0105	2011-03
福建省	1	1	0.0028	0.0028	2005-09
福建省	7	7	0.0199	0.0199	2005-08
浙江省	5	4	0.0102	0.0082	2006-04
湖北省	7	6	0.0121	0.0103	2014-10
江西省	6	5	0.0139	0.0116	2006-01
湖南省	5	4	0.0075	0.006	2014-04
江西省	5	5	0.0116	0.0116	2006-05
云南省	1	1	0.0022	0.0022	2007-02
福建省	0	1		0.0027	2013-10
广东省	23	23	0.0252	0.0252	2005-06
山东省	6	8	0.0065	0.0087	2004-06
湖南省	4	6	0.006	0.009	2014-01
广东省	13	12	0.0125	0.0115	2011-10
云南省	5	6	0.0106	0.0127	2016-01
天津市	1	1	0.0066	0.0066	2016-10
浙江省	4	5	0.0079	0.0099	2008-10
山西省	8	9	0.0224	0.0252	2011-09
江苏省	14	14	0.0188	0.0188	2005-07
山东省	3	3	0.0033	0.0033	2005-01
湖北省	4	4	0.0069	0.0069	2012-04
山东省	4	3	0.0041	0.0031	2013-04
贵州省	28	27	0.0737	0.0711	2010-09
山西省	4	2	0.011	0.0055	2014-11
陕西省	3	3	0.008	0.008	2012-03
江苏省	3	6	0.004	0.0079	2007-02
河南省	5	3	0.0053	0.0032	2006-03
贵州省	8	7	0.0231	0.0202	2012-05
福建省	2	2	0.0057	0.0057	2005-11
江西省	6	6	0.014	0.014	2005-02
北京市	1	1	0.0051	0.0051	2011-10
北京市	2	2	0.0114	0.0114	2010-10
全国	138	139	0.0102	0.0103	2012-11
河南省	8	7	0.0085	0.0074	2016-11
四川省	6	7	0.0073	0.0086	2010-06
安徽省	17	15	0.0278	0.0245	2006-09
上海市	1	1	0.0041	0.0041	2014-07
浙江省	1	1	0.0018	0.0018	2013-11
四川省	5	4	0.0061	0.0049	2006-04
重庆市	20	20	0.0712	0.0712	2007-08
广西	29	28	0.0608	0.0587	2008-05
广西	26	31	0.0565	0.0674	2011-09
江苏省	8	9	0.0102	0.0114	2011-12
河北省	13	19	0.019	0.0277	2006-09
贵州省	18	21	0.0471	0.0549	2004-07
山东省	7	8	0.0074	0.0085	2009-01
湖南省	45	39	0.0711	0.0617	2006-11
安徽省	3	3	0.005	0.005	2013-05
广东省	27	28	0.0286	0.0296	2008-05
云南省	2	3	0.0043	0.0065	2012-09
贵州省	23	23	0.0606	0.0606	2010-11
广西	17	20	0.0366	0.0431	2012-06
海南省	2	2	0.0223	0.0223	2014-09
黑龙江省	1	1	0.0026	0.0026	2006-04
山西省	3	2	0.0082	0.0055	2016-04
贵州省	29	27	0.0835	0.0777	2011-09
湖北省	3	4	0.0052	0.0069	2014-11
河南省	7	7	0.0075	0.0075	2005-01
云南省	10	9	0.0218	0.0196	2011-02
北京市	0	1		0.005	2012-12
湖北省	25	23	0.0438	0.0403	2006-06
湖北省	5	5	0.0086	0.0086	2014-08
贵州省	29	27	0.0771	0.0718	2008-05
广东省	29	31	0.0312	0.0333	2007-07
全国	221	208	0.0169	0.0159	2006-04
广东省	29	30	0.0304	0.0314	2009-05
江苏省	4	6	0.0052	0.0079	2008-12
河南省	10	9	0.0107	0.0096	2012-08
广东省	19	20	0.0201	0.0212	2008-09
浙江省	4	4	0.0073	0.0073	2012-11
河北省	19	16	0.0275	0.0232	2007-06
北京市	1	1	0.005	0.005	2012-06
四川省	19	20	0.0231	0.0244	2006-12
四川省	11	13	0.0134	0.0158	2006-06
北京市	2	2	0.0093	0.0093	2015-07
浙江省	1	1	0.0018	0.0018	2015-07
山东省	7	5	0.0073	0.0052	2012-05
陕西省	1	1	0.0027	0.0027	2013-12
云南省	6	4	0.0127	0.0085	2016-07
广西	8	9	0.0171	0.0192	2013-02
重庆市	1	1	0.0033	0.0033	2015-03
辽宁省	2	2	0.0046	0.0046	2012-04
江苏省	3	4	0.0038	0.005	2015-01
陕西省	2	1	0.0053	0.0027	2009-03
四川省	4	5	0.0049	0.0062	2014-03
湖北省	4	4	0.0069	0.0069	2013-06
海南省	3	2	0.0342	0.0228	2012-11
全国	222	207	0.0166	0.0155	2010-10
重庆市	1	1	0.0033	0.0033	2016-01
内蒙古	1	1	0.004	0.004	2012-02
河北省	2	2	0.0029	0.0029	2006-01
北京市	2	2	0.0093	0.0093	2015-08
湖北省	6	8	0.0105	0.014	2011-06
贵州省	32	27	0.0852	0.0719	2007-01
四川省	9	7	0.011	0.0086	2009-04
湖南省	50	44	0.079	0.0696	2006-10
河南省	11	10	0.0118	0.0107	2008-09
广西	30	23	0.0618	0.0474	2010-06
全国	98	96	0.0073	0.0071	2012-12
安徽省	4	2	0.0067	0.0034	2012-10
广东省	7	6	0.0065	0.0056	2015-01
江西省	4	4	0.009	0.009	2011-01
广东省	4	5	0.0037	0.0047	2015-02
内蒙古	3	2	0.0121	0.0081	2012-07
天津市	1	2	0.009	0.0179	2008-11
湖南省	3	4	0.0045	0.006	2014-05
全国	158	158	0.0122	0.0122	2005-01
湖南省	18	17	0.0283	0.0268	2008-11
河南省	7	6	0.0072	0.0062	2004-02
内蒙古	2	1	0.0083	0.0042	2007-05
河北省	22	16	0.0319	0.0232	2007-08
海南省	9	9	0.1042	0.1042	2010-06
山东省	7	8	0.0076	0.0087	2006-01
辽宁省	1	1	0.0023	0.0023	2014-09
云南省	2	2	0.0045	0.0045	2006-02
山东省	0	1		0.001	2013-02
重庆市	1	1	0.0036	0.0036	2005-04
四川省	2	2	0.0025	0.0025	2016-12
陕西省	1	1	0.0027	0.0027	2006-07
宁夏	1	1	0.0151	0.0151	2015-06
贵州省	5	5	0.0143	0.0143	2016-12
湖北省	3	2	0.0052	0.0035	2013-09
天津市	3	3	0.0279	0.0279	2007-09
安徽省	4	3	0.0065	0.0049	2010-04
广西	39	33	0.0803	0.068	2010-11
山西省	3	2	0.0088	0.0059	2008-09
山东省	3	1	0.0031	0.001	2016-10
四川省	17	17	0.0208	0.0208	2007-03
全国	323	315	0.0246	0.024	2007-07
山东省	3	3	0.0031	0.0031	2015-11
北京市	0	1		0.0063	2007-02
四川省	4	5	0.005	0.0062	2012-05
河南省	23	23	0.0246	0.0246	2005-08
陕西省	1	2	0.0027	0.0053	2012-02
河北省	4	2	0.0055	0.0028	2012-10
安徽省	12	12	0.0197	0.0197	2005-09
海南省	10	7	0.1183	0.0828	2008-02
山东省	9	6	0.0096	0.0064	2009-10
江苏省	8	8	0.0107	0.0107	2005-06
四川省	14	15	0.0172	0.0185	2008-03
山西省	6	6	0.0168	0.0168	2011-12
云南省	11	9	0.0244	0.0199	2008-05
山西省	0	0			2005-12
海南省	7	8	0.0807	0.0923	2011-05
四川省	6	6	0.0073	0.0073	2005-07
福建省	3	5	0.0084	0.0141	2007-03
安徽省	2	2	0.0033	0.0033	2010-02
山西省	2	2	0.0058	0.0058	2010-11
山西省	3	1	0.0082	0.0027	2016-08
内蒙古	2	2	0.0083	0.0083	2009-10
全国	196	181	0.0148	0.0137	2008-01
宁夏	1	2	0.0151	0.0302	2015-10
安徽省	7	7	0.0114	0.0114	2006-12
安徽省	17	14	0.0264	0.0217	2004-06
湖南省	12	10	0.0189	0.0157	2008-05
广东省	13	14	0.0125	0.0134	2011-02
辽宁省	1	0	0.0023		2015-09
浙江省	2	2	0.0036	0.0036	2015-09
贵州省	8	7	0.023	0.0201	2011-02
湖南省	10	8	0.0157	0.0125	2009-01
贵州省	5	5	0.0143	0.0143	2016-02
海南省	1	0	0.0121		2006-05
云南省	8	7	0.017	0.0148	2015-11
贵州省	14	14	0.0369	0.0369	2010-03
四川省	2	2	0.0025	0.0025	2015-03
陕西省	6	8	0.0161	0.0214	2011-09
江苏省	3	4	0.0039	0.0052	2010-12
北京市	1	2	0.0046	0.0093	2015-01
山东省	1	1	0.001	0.001	2016-02
四川省	9	8	0.011	0.0098	2009-06
云南省	1	2	0.0023	0.0046	2004-06
陕西省	0	2		0.0053	2016-09
山西省	4	3	0.0112	0.0084	2011-02
北京市	2	2	0.0099	0.0099	2012-10
重庆市	11	12	0.0381	0.0416	2011-09
海南省	1	1	0.0111	0.0111	2016-04
贵州省	15	14	0.0392	0.0366	2004-05
海南省	2	1	0.0234	0.0117	2009-09
辽宁省	1	0	0.0023		2011-07
广西	12	11	0.0254	0.0233	2014-06
广西	26	28	0.0565	0.0608	2011-06
宁夏	2	1	0.0306	0.0153	2014-10
海南省	1	1	0.0114	0.0114	2012-06
贵州省	20	21	0.0523	0.0549	2004-03
贵州省	15	13	0.0399	0.0346	2008-11
贵州省	34	35	0.0912	0.0938	2006-12
河北省	7	3	0.0095	0.0041	2016-05
湖北省	3	3	0.0052	0.0052	2016-01
贵州省	19	18	0.0497	0.0471	2004-11
天津市	1	1	0.0066	0.0066	2015-06
重庆市	25	20	0.0888	0.071	2008-07
河南省	18	11	0.0186	0.0113	2004-09
广东省	9	9	0.0085	0.0085	2014-09
天津市	1	1	0.0068	0.0068	2014-08
安徽省	2	4	0.0034	0.0067	2012-11
江西省	9	9	0.021	0.021	2005-05
全国	118	106	0.0087	0.0078	2013-08
云南省	2	2	0.0043	0.0043	2013-12
云南省	7	4	0.0148	0.0085	2016-11
广东省	29	27	0.0312	0.029	2007-03
江西省	11	9	0.0255	0.0209	2006-09
湖北省	3	2	0.0052	0.0034	2015-07
广西	23	21	0.0482	0.044	2008-03
重庆市	1	1	0.0036	0.0036	2006-05
江苏省	7	6	0.0094	0.008	2006-04
江苏省	2	2	0.0025	0.0025	2015-03
安徽省	5	6	0.0082	0.0099	2016-08
广东省	23	23	0.0252	0.0252	2005-11
陕西省	2	2	0.0054	0.0054	2011-05
广东省	7	7	0.0066	0.0066	2013-04
河北省	5	3	0.0072	0.0043	2009-03
广西	10	8	0.0212	0.017	2014-05
山西省	3	3	0.0083	0.0083	2013-04
宁夏	2	1	0.0306	0.0153	2014-03
河北省	10	8	0.0137	0.011	2013-08
安徽省	8	8	0.0131	0.0131	2007-09
江苏省	12	12	0.0159	0.0159	2007-08
安徽省	6	5	0.0098	0.0081	2009-01
河南省	24	26	0.0256	0.0277	2007-09
湖北省	15	12	0.025	0.02	2004-04
浙江省	9	11	0.0184	0.0225	2006-11
湖北省	1	1	0.0017	0.0017	2016-04
海南省	7	6	0.081	0.0694	2010-10
广东省	3	3	0.0028	0.0028	2015-07
河南省	2	1	0.0021	0.0011	2014-02
安徽省	4	4	0.0067	0.0067	2011-01
山西省	1	3	0.0028	0.0083	2013-01
重庆市	2	2	0.0067	0.0067	2016-10
天津市	1	1	0.0093	0.0093	2007-06
重庆市	7	4	0.025	0.0143	2006-11
福建省	5	5	0.0142	0.0142	2005-10
湖北省	13	18	0.0228	0.0315	2006-05
浙江省	2	3	0.004	0.006	2007-08
江西省	2	2	0.0044	0.0044	2014-07
湖南省	9	7	0.0134	0.0104	2015-09
浙江省	2	2	0.0037	0.0037	2012-08
重庆市	3	3	0.0101	0.0101	2014-01
海南省	4	4	0.0451	0.0451	2013-07
重庆市	2	3	0.0068	0.0102	2013-08
山西省	5	4	0.0138	0.0111	2013-02
四川省	4	4	0.0049	0.0049	2005-10
甘肃省	0	1		0.0039	2014-10
四川省	1	1	0.0012	0.0012	2015-04
贵州省	29	29	0.0777	0.0777	2006-02
四川省	1	1	0.0012	0.0012	2016-06
云南省	9	5	0.0194	0.0108	2012-06
湖南省	20	20	0.0318	0.0318	2005-02
江苏省	7	9	0.0093	0.0119	2007-12
福建省	1	0	0.0028		2008-10
云南省	9	9	0.0196	0.0196	2011-11
贵州省	17	19	0.0489	0.0547	2011-01
江苏省	14	14	0.0188	0.0188	2005-03
北京市	1	1	0.0047	0.0047	2014-10
重庆市	4	4	0.0134	0.0134	2015-12
广东省	2	2	0.0019	0.0019	2015-09
山西省	4	4	0.0111	0.0111	2013-07
河南省	19	19	0.0204	0.0204	2005-06
山东省	14	14	0.0149	0.0149	2009-07
福建省	6	5	0.017	0.0141	2006-10
山西省	3	3	0.0083	0.0083	2014-10
江苏省	2	3	0.0025	0.0038	2015-07
浙江省	1	1	0.0021	0.0021	2005-03
安徽省	5	5	0.0082	0.0082	2015-07
湖南省	11	10	0.0167	0.0152	2011-01
安徽省	14	10	0.0217	0.0155	2004-08
湖南省	13	13	0.0204	0.0204	2009-04
云南省	6	6	0.0127	0.0127	2015-04
北京市	1	1	0.0061	0.0061	2008-02
重庆市	12	10	0.0426	0.0355	2008-03
云南省	2	3	0.0045	0.0067	2007-05
广西	6	5	0.0126	0.0105	2015-04
浙江省	4	2	0.0082	0.0041	2006-08
全国	105	99	0.0077	0.0073	2014-09
河南省	10	7	0.0105	0.0074	2010-10
江苏省	4	6	0.0052	0.0078	2010-05
安徽省	12	12	0.0197	0.0197	2005-07
江西省	1	1	0.0022	0.0022	2012-07
海南省	2	2	0.0221	0.0221	2016-10
云南省	8	9	0.0173	0.0194	2012-02
山西省	2	3	0.0058	0.0088	2010-10
湖南省	35	35	0.0556	0.0556	2005-06
浙江省	2	1	0.004	0.002	2007-03
山西省	6	6	0.0175	0.0175	2010-08
天津市	1	1	0.0068	0.0068	2014-09
河南省	10	9	0.0106	0.0096	2013-08
甘肃省	0	1		0.0039	2015-07
湖南省	33	28	0.052	0.0442	2007-06
江西省	9	9	0.021	0.021	2005-11
河南省	8	7	0.0085	0.0074	2014-06
海南省	13	13	0.1555	0.1555	2007-12
云南省	2	1	0.0042	0.0021	2016-05
广西	26	26	0.054	0.054	2009-11
云南省	2	1	0.0044	0.0022	2009-09
浙江省	2	2	0.0036	0.0036	2016-02
重庆市	3	2	0.01	0.0067	2016-12
湖南省	4	4	0.0059	0.0059	2015-03
内蒙古	1	1	0.004	0.004	2011-05
广东省	25	27	0.0314	0.0339	2004-08
山东省	6	8	0.0062	0.0083	2012-10
湖北省	16	17	0.0266	0.0283	2004-11
浙江省	2	3	0.0036	0.0054	2016-05
江苏省	2	0	0.0025		2015-06
安徽省	3	3	0.005	0.005	2012-06
浙江省	14	13	0.0298	0.0277	2004-09
全国	128	114	0.0096	0.0085	2010-01
陕西省	2	2	0.0053	0.0053	2015-10
河南省	4	4	0.0042	0.0042	2016-01
贵州省	15	39	0.0399	0.1038	2007-12
安徽省	3	3	0.005	0.005	2012-05
山西省	4	2	0.0111	0.0056	2012-07
湖北省	3	1	0.0052	0.0017	2013-05
河北省	9	7	0.0131	0.0102	2006-07
海南省	2	2	0.0244	0.0244	2005-07
全国	34	27	0.0025	0.002	2016-04
安徽省	16	16	0.0248	0.0248	2004-09
山东省	3	2	0.0031	0.0021	2013-06
云南省	3	3	0.0064	0.0064	2016-04
广西	20	19	0.0419	0.0398	2008-02
江苏省	8	10	0.0104	0.0129	2010-08
全国	170	165	0.0127	0.0123	2011-11
甘肃省	3	3	0.0116	0.0116	2015-06
安徽省	3	4	0.0049	0.0065	2009-09
江西省	1	1	0.0022	0.0022	2012-11
重庆市	6	3	0.0206	0.0103	2012-04
安徽省	3	4	0.0049	0.0065	2010-09
广东省	25	24	0.0269	0.0258	2007-06
广东省	22	22	0.0209	0.0209	2012-01
广西	46	54	0.0987	0.1159	2006-05
安徽省	0	1		0.0017	2013-03
山东省	13	12	0.0139	0.0128	2008-07
浙江省	2	3	0.004	0.0059	2008-04
海南省	1	1	0.0111	0.0111	2016-02
河北省	9	9	0.0128	0.0128	2010-07
云南省	6	6	0.0131	0.0131	2010-12
四川省	3	3	0.0037	0.0037	2013-05
广东省	3	3	0.0028	0.0028	2016-04
河南省	14	31	0.0149	0.033	2007-12
云南省	1	1	0.0021	0.0021	2015-09
广西	34	35	0.0706	0.0727	2009-09
山东省	6	6	0.0063	0.0063	2011-11
湖南省	3	4	0.0045	0.006	2014-03
广东省	29	33	0.0301	0.0342	2010-12
重庆市	2	2	0.0067	0.0067	2014-11
安徽省	4	5	0.0065	0.0082	2008-10
广西	34	30	0.07	0.0618	2004-04
江苏省	8	6	0.0101	0.0076	2012-01
贵州省	5	4	0.0143	0.0114	2015-07
云南省	11	13	0.0241	0.0284	2010-11
内蒙古	1	0	0.004		2011-01
山东省	9	10	0.0094	0.0104	2011-12
海南省	11	10	0.1288	0.1171	2009-04
江苏省	3	3	0.0039	0.0039	2010-06
安徽省	8	8	0.0132	0.0132	2005-05
安徽省	3	3	0.005	0.005	2013-11
浙江省	0	2		0.0036	2015-11
山东省	3	3	0.0033	0.0033	2004-03
江苏省	5	5	0.0066	0.0066	2007-03
四川省	10	9	0.0122	0.011	2009-02
浙江省	5	5	0.0106	0.0106	2004-07
山东省	9	8	0.0096	0.0085	2008-01
湖北省	3	5	0.0052	0.0087	2012-11
福建省	3	3	0.0083	0.0083	2004-04
江苏省	5	6	0.0065	0.0078	2009-09
浙江省	1	0	0.0018		2016-06
江西省	6	6	0.0135	0.0135	2011-11
贵州省	7	6	0.0202	0.0173	2012-03
湖南省	8	9	0.0119	0.0134	2016-06
全国	130	112	0.0097	0.0084	2011-04
北京市	1	1	0.0047	0.0047	2014-11
河南省	5	5	0.0053	0.0053	2012-02
广东省	16	20	0.0201	0.0251	2004-12
河北省	5	5	0.0072	0.0072	2009-01
安徽省	1	2	0.0016	0.0033	2009-04
四川省	5	5	0.0061	0.0061	2010-10
贵州省	6	5	0.0171	0.0143	2015-03
全国	135	128	0.0102	0.0097	2008-02
云南省	10	9	0.0213	0.0192	2014-07
四川省	3	3	0.0034	0.0034	2004-11
全国	150	145	0.0112	0.0109	2010-03
江苏省	3	5	0.0038	0.0063	2015-10
内蒙古	2	1	0.0083	0.0041	2010-09
河南省	15	14	0.016	0.0149	2006-12
河北省	14	10	0.0193	0.0138	2012-01
河南省	25	22	0.0265	0.0233	2009-08
云南省	5	5	0.0112	0.0112	2007-11
四川省	1	1	0.0012	0.0012	2015-10
安徽省	1	1	0.0017	0.0017	2012-02
山东省	5	5	0.0051	0.0051	2015-02
浙江省	1	1	0.0018	0.0018	2013-03
四川省	6	7	0.0075	0.0087	2011-04
陕西省	4	6	0.0106	0.0159	2014-11
山东省	6	5	0.0063	0.0053	2010-04
江西省	11	11	0.0257	0.0257	2005-01
湖南省	22	23	0.0347	0.0363	2007-10
安徽省	3	2	0.005	0.0033	2013-02
江西省	1	1	0.0022	0.0022	2014-01
重庆市	24	21	0.0852	0.0746	2008-10
江西省	4	4	0.0091	0.0091	2009-11
福建省	3	2	0.0084	0.0056	2008-08
全国	145	143	0.0109	0.0107	2010-04
云南省	10	10	0.0222	0.0222	2008-07
福建省	2	2	0.0056	0.0056	2007-05
四川省	5	5	0.0062	0.0062	2014-12
广东省	2	1	0.0019	0.0009	2016-07
广西	37	36	0.0784	0.0763	2007-11
湖南省	6	4	0.0089	0.0059	2015-07
云南省	6	6	0.0127	0.0127	2015-05
江苏省	12	11	0.0161	0.0147	2006-05
广东省	43	43	0.0471	0.0471	2005-10
四川省	8	10	0.0098	0.0122	2009-01
重庆市	3	3	0.01	0.01	2015-09
江西省	4	5	0.009	0.0113	2010-03
海南省	1	1	0.0111	0.0111	2015-06
陕西省	2	2	0.0053	0.0053	2015-08
广东省	18	19	0.0173	0.0182	2011-06
广东省	33	32	0.0359	0.0348	2006-07
云南省	21	20	0.0459	0.0438	2010-07
河北省	12	6	0.0172	0.0086	2009-07
内蒙古	1	0	0.004		2016-07
海南省	1	1	0.0121	0.0121	2006-08
浙江省	2	1	0.0039	0.0019	2010-02
贵州省	23	23	0.0662	0.0662	2011-07
云南省	7	6	0.0152	0.0131	2011-04
江西省	12	14	0.028	0.0327	2004-11
浙江省	3	3	0.0054	0.0054	2016-09
内蒙古	1	1	0.004	0.004	2011-10
广西	29	26	0.0624	0.056	2012-10
湖南省	5	5	0.0076	0.0076	2012-02
江苏省	1	1	0.0013	0.0013	2016-01
广东省	22	22	0.0211	0.0211	2011-05
安徽省	1	2	0.0017	0.0033	2014-08
海南省	2	2	0.0231	0.0231	2010-12
浙江省	4	3	0.0085	0.0064	2004-01
海南省	12	12	0.142	0.142	2008-06
湖南省	6	5	0.009	0.0075	2014-02
海南省	1	1	0.0112	0.0112	2014-02
云南省	11	7	0.0245	0.0156	2007-07
全国	137	137	0.0105	0.0105	2005-03
四川省	29	30	0.0353	0.0365	2006-10
浙江省	6	6	0.0123	0.0123	2005-12
安徽省	4	4	0.0067	0.0067	2011-05
全国	212	222	0.0159	0.0166	2010-09
福建省	3	3	0.0084	0.0084	2008-07
河北省	10	8	0.0145	0.0116	2007-05
湖北省	2	1	0.0034	0.0017	2015-03
广西	18	19	0.0371	0.0391	2010-02
重庆市	1	1	0.0035	0.0035	2011-02
新疆	1	1	0.0048	0.0048	2008-11
甘肃省	2	1	0.0078	0.0039	2013-03
全国	230	216	0.0173	0.0163	2009-09
重庆市	2	2	0.0071	0.0071	2006-02
河南省	11	26	0.0113	0.0268	2004-12
河北省	3	1	0.0041	0.0014	2015-12
广西	37	34	0.0776	0.0713	2008-09
山西省	4	5	0.0111	0.0139	2012-06
福建省	1	1	0.0026	0.0026	2015-12
浙江省	3	4	0.0054	0.0073	2016-11
云南省	2	2	0.0046	0.0046	2004-01
内蒙古	1	0	0.004		2011-07
山东省	10	11	0.0107	0.0118	2007-07
河北省	4	3	0.0054	0.0041	2015-03
陕西省	1	0	0.0026		2016-03
广西	21	25	0.0456	0.0543	2011-12
江西省	8	6	0.0187	0.014	2004-03
安徽省	4	4	0.0065	0.0065	2009-02
重庆市	8	8	0.0284	0.0284	2008-12
安徽省	3	3	0.0049	0.0049	2005-02
山西省	2	2	0.0059	0.0059	2008-04
山东省	5	5	0.0051	0.0051	2015-04
河北省	9	5	0.0129	0.0072	2009-12
海南省	2	2	0.0221	0.0221	2015-02
江西省	5	5	0.0114	0.0114	2009-07
湖北省	8	8	0.0141	0.0141	2005-02
浙江省	9	12	0.0191	0.0255	2004-12
江苏省	13	14	0.017	0.0184	2008-10
河北省	3	1	0.0041	0.0014	2014-04
广东省	8	7	0.0075	0.0065	2016-10
湖南省	3	3	0.0045	0.0045	2016-08
湖南省	52	47	0.0779	0.0704	2004-11
山东省	19	16	0.0205	0.0173	2006-09
河北省	2	2	0.0029	0.0029	2005-05
北京市	1	0	0.0051		2011-11
山东省	5	6	0.0053	0.0064	2009-05
四川省	7	7	0.0085	0.0085	2005-11
河北省	2	2	0.0028	0.0028	2012-02
天津市	1	1	0.0071	0.0071	2013-07
海南省	1	2	0.0117	0.0234	2009-10
广西	12	15	0.0256	0.032	2013-06
陕西省	2	2	0.0053	0.0053	2013-10
安徽省	2	2	0.0034	0.0034	2012-03
天津市	2	2	0.0163	0.0163	2010-11
浙江省	2	2	0.0039	0.0039	2009-01
海南省	5	5	0.0577	0.0577	2011-04
河北省	4	3	0.0055	0.0041	2014-09
山东省	6	6	0.0065	0.0065	2005-03
重庆市	3	3	0.0108	0.0108	2005-05
内蒙古	0	1		0.004	2012-09
安徽省	9	8	0.0147	0.0131	2007-10
广西	62	61	0.1277	0.1256	2004-11
海南省	6	5	0.0692	0.0577	2011-01
全国	67	62	0.0049	0.0046	2015-09
辽宁省	1	1	0.0023	0.0023	2012-03
四川省	3	3	0.0037	0.0037	2013-04
湖北省	23	23	0.0403	0.0403	2006-10
浙江省	3	3	0.0059	0.0059	2008-05
浙江省	8	8	0.0164	0.0164	2005-07
重庆市	2	4	0.0069	0.0137	2012-05
上海市	2	2	0.0149	0.0149	2004-07
山东省	3	3	0.0033	0.0033	2005-06
四川省	7	6	0.0086	0.0074	2014-07
山东省	4	5	0.0041	0.0052	2013-05
广东省	21	24	0.0218	0.0249	2010-07
河北省	3	1	0.0041	0.0014	2014-01
浙江省	0	1		0.0018	2016-01
全国	374	357	0.0285	0.0272	2007-08
河南省	10	9	0.0107	0.0096	2008-11
湖北省	15	15	0.0263	0.0263	2005-01
云南省	9	7	0.0192	0.0149	2014-09
吉林省	1	1	0.0038	0.0038	2004-08
江苏省	1	1	0.0013	0.0013	2014-06
天津市	1	1	0.0071	0.0071	2013-04
广东省	4	4	0.0038	0.0038	2014-10
河南省	4	3	0.0042	0.0032	2016-12
广西	10	8	0.021	0.0168	2015-08
海南省	2	2	0.0237	0.0237	2008-04
全国	231	214	0.0174	0.0161	2009-07
广西	6	5	0.0126	0.0105	2016-10
湖北省	2	3	0.0035	0.0052	2012-02
江西省	4	4	0.009	0.009	2010-06
湖北省	17	16	0.0299	0.0281	2007-05
新疆	1	1	0.0046	0.0046	2011-09
河南省	7	5	0.0074	0.0053	2016-05
江苏省	3	2	0.0038	0.0025	2012-07
山东省	8	11	0.0085	0.0117	2008-06
湖南省	27	25	0.0427	0.0395	2006-04
广东省	9	7	0.0085	0.0066	2014-06
湖北省	6	6	0.0105	0.0105	2011-02
天津市	3	3	0.0232	0.0232	2011-03
广东省	0	2		0.0019	2016-11
江西省	13	14	0.0303	0.0327	2004-07
全国	262	252	0.02	0.0193	2006-06
海南省	12	12	0.1435	0.1435	2007-11
宁夏	2	2	0.0306	0.0306	2014-08
重庆市	17	13	0.0605	0.0463	2007-09
贵州省	7	7	0.02	0.02	2014-08
江苏省	5	4	0.0065	0.0052	2009-03
湖南省	35	40	0.0552	0.0631	2007-03
河南省	3	3	0.0032	0.0032	2008-02
重庆市	8	11	0.028	0.0385	2010-09
天津市	1	1	0.0093	0.0093	2007-11
海南省	2	2	0.0231	0.0231	2011-06
贵州省	19	15	0.0505	0.0399	2008-03
江西省	10	9	0.0227	0.0205	2009-09
安徽省	1	2	0.0016	0.0033	2008-03
云南省	10	9	0.0219	0.0197	2010-03
重庆市	3	2	0.0101	0.0067	2014-02
江苏省	5	4	0.0063	0.0051	2013-06
云南省	7	8	0.015	0.0172	2013-01
贵州省	57	57	0.1539	0.1539	2005-07
重庆市	10	9	0.0347	0.0312	2011-04
浙江省	5	7	0.0102	0.0143	2006-09
四川省	28	28	0.0343	0.0343	2007-11
重庆市	4	5	0.0142	0.0178	2007-03
广西	9	8	0.0192	0.0171	2013-08
河北省	1	1	0.0015	0.0015	2004-09
湖北省	9	7	0.0158	0.0123	2007-02
河南省	9	9	0.0096	0.0096	2011-12
四川省	4	3	0.005	0.0037	2013-12
四川省	3	3	0.0037	0.0037	2005-12
广东省	1	1	0.0009	0.0009	2015-04
浙江省	1	1	0.0018	0.0018	2011-07
黑龙江省	1	1	0.0026	0.0026	2006-10
湖北省	4	4	0.0069	0.0069	2015-09
天津市	3	3	0.0221	0.0221	2012-11
安徽省	6	4	0.0098	0.0065	2008-07
云南省	9	10	0.0198	0.022	2009-03
河北省	3	2	0.0041	0.0027	2015-06
湖北省	12	10	0.021	0.0175	2009-10
广西	30	26	0.0652	0.0565	2011-10
湖北省	4	4	0.0069	0.0069	2012-06
山东省	4	4	0.0041	0.0041	2014-06
贵州省	2	2	0.0057	0.0057	2016-01
内蒙古	2	1	0.008	0.004	2014-06
安徽省	5	4	0.0084	0.0067	2012-07
全国	165	165	0.0127	0.0127	2004-04
河北省	10	7	0.0144	0.0101	2008-07
广东省	22	23	0.0231	0.0241	2009-09
江西省	4	4	0.0092	0.0092	2008-01
全国	249	237	0.0192	0.0182	2004-06
全国	92	92	0.0068	0.0068	2013-03
广东省	6	6	0.0056	0.0056	2015-03
广东省	28	28	0.0307	0.0307	2005-07
全国	300	300	0.0231	0.0231	2005-08
山东省	18	22	0.0195	0.0238	2006-10
浙江省	2	1	0.0037	0.0018	2011-06
云南省	4	6	0.0086	0.013	2012-05
湖南省	7	9	0.0106	0.0136	2012-07
陕西省	2	1	0.0053	0.0027	2012-05
四川省	21	20	0.0256	0.0244	2006-09
广西	5	5	0.0105	0.0105	2016-09
上海市	1	1	0.0043	0.0043	2011-07
海南省	8	8	0.0923	0.0923	2011-07
湖北省	11	9	0.0193	0.0158	2006-03
北京市	2	1	0.0095	0.0047	2014-12
四川省	2	2	0.0023	0.0023	2004-10
河北省	22	18	0.0315	0.0258	2009-08
广西	10	10	0.0212	0.0212	2014-11
四川省	8	8	0.0098	0.0098	2009-08
全国	224	356	0.017	0.0271	2007-12
河南省	5	2	0.0053	0.0021	2010-04
安徽省	4	3	0.0065	0.0049	2009-08
安徽省	4	6	0.0065	0.0098	2007-05
陕西省	3	3	0.0079	0.0079	2015-11
湖北省	13	7	0.0216	0.0117	2004-02
江西省	5	4	0.0114	0.0092	2008-02
贵州省	12	10	0.0343	0.0286	2014-03
广东省	32	33	0.0348	0.0359	2006-06
山东省	1	1	0.001	0.001	2014-07
云南省	4	4	0.0085	0.0085	2015-07
山西省	10	10	0.0278	0.0278	2012-05
北京市	1	1	0.0048	0.0048	2013-08
广东省	13	13	0.0142	0.0142	2005-04
贵州省	23	26	0.0612	0.0692	2007-02
江苏省	10	8	0.0131	0.0105	2008-04
湖北省	1	2	0.0017	0.0034	2015-02
安徽省	5	7	0.0082	0.0115	2007-12
重庆市	7	6	0.0249	0.0213	2008-02
江西省	4	5	0.0092	0.0115	2007-02
江西省	2	1	0.0044	0.0022	2014-09
山东省	8	9	0.0084	0.0095	2010-03
贵州省	20	18	0.0528	0.0475	2009-04
全国	99	102	0.0073	0.0075	2013-07
广西	8	8	0.0168	0.0168	2015-10
贵州省	11	9	0.0317	0.0259	2012-11
陕西省	6	5	0.016	0.0133	2013-01
江苏省	4	4	0.0052	0.0052	2008-03
安徽省	2	3	0.0033	0.005	2013-08
山东省	10	9	0.0108	0.0097	2006-12
江西省	2	3	0.0044	0.0066	2015-08
贵州省	34	36	0.0904	0.0957	2008-09
江苏省	2	2	0.0025	0.0025	2014-02
河南省	6	8	0.0064	0.0085	2007-02
全国	243	207	0.0185	0.0157	2007-01
云南省	1	1	0.0021	0.0021	2016-03
贵州省	4	3	0.0114	0.0086	2016-07
安徽省	1	1	0.0016	0.0016	2016-02
四川省	9	9	0.011	0.011	2005-06
江苏省	18	17	0.0238	0.0225	2004-11
山东省	8	8	0.0086	0.0086	2007-03
江苏省	9	9	0.012	0.012	2006-11
江苏省	1	0	0.0013		2013-03
河北省	3	3	0.0042	0.0042	2011-03
广东省	17	19	0.0163	0.0182	2011-09
重庆市	13	9	0.0455	0.0315	2010-08
广西	23	23	0.0478	0.0478	2009-03
全国	94	90	0.0069	0.0066	2014-08
广东省	26	28	0.0275	0.0296	2008-03
全国	184	184	0.0142	0.0142	2005-05
江苏省	4	3	0.005	0.0038	2016-02
天津市	1	1	0.0096	0.0096	2005-11
贵州省	9	9	0.0257	0.0257	2014-01
湖北省	5	5	0.0086	0.0086	2015-10
河北省	14	12	0.0203	0.0174	2007-11
四川省	2	2	0.0023	0.0023	2004-12
内蒙古	1	1	0.004	0.004	2011-11
山西省	8	5	0.0222	0.0138	2013-11
江西省	1	1	0.0022	0.0022	2016-03
江苏省	19	21	0.0251	0.0277	2004-03
贵州省	35	35	0.0945	0.0945	2005-05
山东省	4	4	0.0044	0.0044	2005-05
湖北省	32	32	0.0562	0.0562	2005-11
福建省	4	4	0.011	0.011	2009-07
江苏省	15	15	0.0198	0.0198	2004-02
湖南省	19	21	0.0298	0.0329	2009-11
宁夏	1	1	0.0159	0.0159	2011-05
全国	52	49	0.0038	0.0036	2015-03
浙江省	1	1	0.0018	0.0018	2014-11
江苏省	3	3	0.0039	0.0039	2009-02
海南省	3	4	0.0346	0.0461	2011-10
山西省	1	1	0.003	0.003	2005-07
上海市	2	2	0.0085	0.0085	2012-03
江西省	5	6	0.0116	0.0139	2006-12
广东省	14	13	0.0132	0.0123	2013-10
福建省	2	3	0.0057	0.0085	2006-04
贵州省	5	5	0.0144	0.0144	2013-12
四川省	6	5	0.0075	0.0062	2011-12
湖南省	45	45	0.0715	0.0715	2005-07
北京市	1	1	0.0063	0.0063	2007-10
湖南省	8	7	0.0119	0.0104	2016-10
辽宁省	1	1	0.0023	0.0023	2012-06
陕西省	2	0	0.0053		2014-10
宁夏	2	2	0.0306	0.0306	2014-12
江苏省	1	0	0.0013		2014-11
山东省	4	3	0.0042	0.0032	2010-01
重庆市	6	5	0.0201	0.0167	2015-05
贵州省	80	80	0.2161	0.2161	2005-09
广东省	23	27	0.0239	0.028	2010-02
湖南省	15	17	0.0236	0.0268	2008-02
全国	357	369	0.0273	0.0282	2006-09
湖北省	8	8	0.014	0.014	2008-11
江西省	16	12	0.0366	0.0275	2008-06
海南省	5	4	0.0598	0.0478	2007-06
陕西省	3	2	0.008	0.0053	2014-12
湖北省	20	17	0.035	0.0298	2006-04
上海市	1	1	0.0043	0.0043	2012-05
宁夏	1	0	0.0151		2015-03
湖北省	2	1	0.0035	0.0018	2008-03
江苏省	3	3	0.0038	0.0038	2014-01
江苏省	2	3	0.0027	0.004	2006-03
甘肃省	1	1	0.0039	0.0039	2015-12
内蒙古	0	1		0.0042	2007-12
湖北省	3	3	0.0052	0.0052	2012-05
陕西省	10	8	0.0266	0.0213	2013-04
四川省	8	10	0.0098	0.0123	2008-12
山东省	3	5	0.0032	0.0053	2008-04
贵州省	14	15	0.0403	0.0432	2011-03
云南省	8	8	0.0175	0.0175	2010-01
江西省	1	1	0.0022	0.0022	2014-03
广东省	25	24	0.0269	0.0258	2007-08
海南省	11	10	0.1302	0.1183	2008-09
北京市	2	1	0.0099	0.005	2012-08
安徽省	5	5	0.0081	0.0081	2009-11
山东省	3	3	0.0032	0.0032	2010-02
广西	7	8	0.0147	0.0168	2015-03
重庆市	1	1	0.0036	0.0036	2005-11
陕西省	2	2	0.0053	0.0053	2014-05
云南省	8	9	0.0174	0.0196	2011-05
湖北省	28	28	0.0492	0.0492	2005-09
山西省	2	1	0.0055	0.0027	2015-10
广西	46	60	0.0947	0.1236	2004-10
云南省	6	7	0.0132	0.0154	2009-06
广西	40	40	0.0865	0.0865	2005-06
浙江省	2	3	0.0039	0.0058	2010-12
海南省	3	3	0.0351	0.0351	2009-07
云南省	0	1		0.0023	2004-09
河北省	5	5	0.0068	0.0068	2014-06
四川省	5	5	0.0061	0.0061	2006-02
湖南省	20	23	0.0315	0.0362	2008-09
四川省	5	4	0.0061	0.0049	2015-06
全国	47	44	0.0034	0.0032	2015-04
贵州省	11	16	0.0317	0.046	2011-10
海南省	3	2	0.0342	0.0228	2012-07
湖南省	2	3	0.003	0.0046	2011-03
江西省	2	2	0.0045	0.0045	2009-03
云南省	7	6	0.0156	0.0134	2007-06
江苏省	5	6	0.0063	0.0076	2013-09
浙江省	1	1	0.0018	0.0018	2013-07
陕西省	3	5	0.008	0.0133	2013-02
全国	397	365	0.0304	0.0279	2006-08
海南省	4	7	0.0473	0.0828	2008-03
陕西省	11	8	0.0294	0.0214	2012-10
全国	225	226	0.0169	0.017	2009-08
四川省	2	0	0.0025		2014-02
广西	19	20	0.0395	0.0415	2009-05
河南省	15	12	0.016	0.0128	2007-10
全国	69	63	0.0051	0.0046	2015-10
云南省	7	8	0.0155	0.0177	2008-01
江西省	2	2	0.0044	0.0044	2014-06
贵州省	8	9	0.0228	0.0257	2014-09
陕西省	1	1	0.0027	0.0027	2005-12
宁夏	1	0	0.0155		2013-09
湖南省	26	26	0.041	0.041	2007-02
福建省	1	1	0.0028	0.0028	2009-09
北京市	1	1	0.0046	0.0046	2016-08
湖北省	35	34	0.0613	0.0595	2006-08
北京市	1	1	0.005	0.005	2012-05
重庆市	12	10	0.0416	0.0347	2011-10
陕西省	1	1	0.0027	0.0027	2012-04
浙江省	4	4	0.0082	0.0082	2006-12
安徽省	7	5	0.0114	0.0082	2006-01
贵州省	4	4	0.0114	0.0114	2015-04
江苏省	18	17	0.0238	0.0225	2004-08
福建省	1	1	0.0027	0.0027	2011-01
河南省	8	8	0.0085	0.0085	2008-05
河北省	3	4	0.0041	0.0054	2015-11
云南省	2	1	0.0044	0.0022	2008-02
安徽省	8	8	0.0131	0.0131	2006-03
河北省	6	9	0.0088	0.0131	2006-12
江西省	4	8	0.0092	0.0183	2008-07
安徽省	9	9	0.0148	0.0148	2005-10
江西省	2	1	0.0044	0.0022	2015-11
湖北省	4	2	0.0069	0.0034	2014-06
天津市	1	1	0.0077	0.0077	2011-11
重庆市	5	8	0.0179	0.0286	2006-12
山东省	5	5	0.0052	0.0052	2012-04
安徽省	4	3	0.0065	0.0049	2008-06
天津市	1	2	0.0096	0.0192	2006-10
山西省	15	11	0.0417	0.0306	2012-08
湖北省	14	19	0.0246	0.0334	2007-09
广西	15	14	0.032	0.0299	2013-01
安徽省	1	1	0.0016	0.0016	2005-04
甘肃省	2	2	0.0078	0.0078	2013-08
江苏省	8	8	0.0107	0.0107	2006-01
重庆市	6	4	0.0208	0.0139	2011-12
湖北省	1	1	0.0017	0.0017	2016-03
河南省	8	5	0.0085	0.0053	2015-10
河北省	10	5	0.0138	0.0069	2012-07
河北省	11	14	0.0161	0.0204	2006-11
天津市	1	1	0.0096	0.0096	2006-03
湖南省	12	8	0.0179	0.012	2014-10
湖北省	1	2	0.0017	0.0034	2015-04
安徽省	2	2	0.0034	0.0034	2012-04
天津市	1	2	0.0066	0.0132	2016-08
四川省	1	1	0.0012	0.0012	2016-09
天津市	2	2	0.0192	0.0192	2005-10
北京市	1	1	0.0047	0.0047	2014-06
贵州省	12	11	0.0344	0.0316	2013-05
重庆市	6	7	0.021	0.0245	2010-01
海南省	1	1	0.012	0.012	2007-05
宁夏	1	1	0.0153	0.0153	2014-06
山西省	1	0	0.0027		2015-09
山东省	5	5	0.0051	0.0051	2015-08
全国	54	58	0.004	0.0043	2015-02
湖南省	40	40	0.0636	0.0636	2005-11
湖南省	51	38	0.0764	0.0569	2004-10
广西	65	65	0.1406	0.1406	2005-10
湖北省	7	8	0.0122	0.014	2011-08
河北省	15	13	0.0217	0.0188	2007-07
河北省	9	7	0.0129	0.01	2009-06
福建省	3	2	0.0083	0.0055	2010-08
四川省	34	36	0.0416	0.0441	2007-12
湖南省	40	26	0.0599	0.0389	2004-05
四川省	5	5	0.0061	0.0061	2010-11
云南省	3	3	0.0064	0.0064	2014-01
全国	174	163	0.0132	0.0123	2008-04
云南省	10	9	0.0213	0.0192	2014-08
四川省	32	36	0.0392	0.0441	2007-10
海南省	1	2	0.0115	0.0231	2011-02
四川省	4	4	0.0049	0.0049	2016-10
广西	12	10	0.0258	0.0215	2012-02
安徽省	8	9	0.013	0.0147	2010-07
浙江省	4	4	0.0078	0.0078	2009-10
四川省	19	17	0.0233	0.0208	2007-04
广西	24	30	0.0503	0.0629	2008-12
宁夏	1	1	0.0151	0.0151	2016-10
河北省	6	5	0.0083	0.0069	2012-06
河北省	5	6	0.0071	0.0085	2010-02
江西省	3	2	0.0067	0.0045	2012-03
全国	123	112	0.0091	0.0083	2013-10
重庆市	18	16	0.0639	0.0568	2008-08
陕西省	1	1	0.0026	0.0026	2016-07
内蒙古	1	1	0.0041	0.0041	2009-11
江苏省	10	7	0.0132	0.0093	2007-01
上海市	1	1	0.0052	0.0052	2010-07
江苏省	3	2	0.0038	0.0025	2015-09
广东省	17	17	0.0186	0.0186	2005-05
湖北省	6	6	0.0105	0.0105	2010-11
云南省	3	2	0.0069	0.0046	2004-05
安徽省	11	14	0.018	0.0229	2006-11
四川省	28	27	0.0341	0.0329	2006-08
湖南省	35	33	0.0552	0.052	2007-09
江苏省	13	10	0.0168	0.0129	2010-10
广东省	21	24	0.0226	0.0258	2007-10
广西	52	52	0.1125	0.1125	2005-08
重庆市	14	10	0.0499	0.0356	2007-06
河北省	4	1	0.0054	0.0014	2015-04
浙江省	1	1	0.0018	0.0018	2015-02
天津市	2	2	0.0148	0.0148	2012-10
山东省	9	10	0.0094	0.0104	2011-05
广西	16	19	0.0344	0.0409	2012-03
湖南省	9	8	0.0136	0.0121	2013-05
江西省	4	5	0.0091	0.0114	2009-04
安徽省	4	3	0.0065	0.0049	2008-02
山东省	5	5	0.0055	0.0055	2004-04
山东省	3	5	0.0031	0.0052	2012-06
宁夏	1	0	0.0153		2014-07
海南省	0	0			2005-12
四川省	6	8	0.0073	0.0098	2010-01
四川省	5	5	0.0062	0.0062	2013-10
河北省	4	1	0.0055	0.0014	2014-12
湖北省	15	12	0.0263	0.0211	2007-08
山西省	3	1	0.0082	0.0027	2016-07
山西省	3	5	0.0083	0.0138	2014-01
广西	10	9	0.021	0.0189	2015-01
浙江省	1	2	0.0019	0.0039	2010-04
广西	22	23	0.0457	0.0478	2009-12
山东省	2	4	0.0021	0.0041	2013-11
山西省	1	0	0.0029		2008-05
河南省	8	7	0.0084	0.0074	2010-03
湖北省	14	14	0.0246	0.0246	2008-08
广东省	20	19	0.0212	0.0201	2008-06
山东省	9	5	0.0096	0.0053	2008-05
全国	174	171	0.013	0.0128	2011-10
广东省	5	5	0.0047	0.0047	2016-03
广西	29	28	0.0602	0.0581	2009-07
广西	18	17	0.0371	0.035	2010-04
广东省	7	6	0.0066	0.0056	2014-02
山东省	3	3	0.0033	0.0033	2005-04
贵州省	6	6	0.0171	0.0171	2015-05
广东省	39	35	0.0409	0.0367	2009-10
广西	26	31	0.0535	0.0638	2010-07
安徽省	7	7	0.0115	0.0115	2007-11
甘肃省	1	1	0.0039	0.0039	2013-11
江苏省	5	3	0.0066	0.0039	2008-11
福建省	3	3	0.0084	0.0084	2007-11
福建省	1	1	0.0027	0.0027	2011-12
安徽省	5	5	0.0081	0.0081	2009-07
北京市	1	1	0.0061	0.0061	2008-11
江西省	3	3	0.0067	0.0067	2012-09
云南省	8	8	0.0177	0.0177	2008-12
河南省	15	15	0.016	0.016	2007-05
江西省	1	4	0.0023	0.009	2010-12
山东省	2	2	0.002	0.002	2015-09
贵州省	27	28	0.0711	0.0737	2010-04
广西	25	25	0.0541	0.0541	2005-02
湖南省	11	11	0.0163	0.0163	2015-10
河北省	1	1	0.0015	0.0015	2005-06
安徽省	3	3	0.0049	0.0049	2007-03
陕西省	1	2	0.0027	0.0053	2010-04
福建省	2	2	0.0057	0.0057	2005-06
重庆市	9	8	0.0317	0.0282	2009-11
安徽省	2	1	0.0033	0.0016	2008-05
河北省	3	2	0.0041	0.0027	2016-09
湖北省	5	4	0.0087	0.0069	2013-10
广东省	17	18	0.0162	0.0171	2012-11
广东省	12	12	0.0115	0.0115	2011-03
江苏省	3	2	0.0038	0.0025	2014-07
安徽省	12	11	0.0196	0.018	2007-08
辽宁省	0	1		0.0023	2015-08
四川省	29	24	0.0357	0.0295	2008-08
湖北省	10	10	0.0175	0.0175	2009-01
河北省	2	1	0.0027	0.0014	2014-03
江苏省	9	9	0.0113	0.0113	2016-09
安徽省	3	3	0.0049	0.0049	2015-06
江西省	6	7	0.0138	0.0161	2007-11
广东省	28	28	0.0307	0.0307	2005-12
河北省	1	0	0.0014		2007-01
山东省	14	14	0.0151	0.0151	2006-11
贵州省	36	36	0.0958	0.0958	2007-10
广西	32	32	0.0692	0.0692	2005-12
广东省	39	38	0.0419	0.0408	2007-09
浙江省	3	3	0.0064	0.0064	2004-05
广东省	4	6	0.0037	0.0056	2016-02
重庆市	0	1		0.0034	2013-03
安徽省	5	5	0.0081	0.0081	2009-10
广西	14	16	0.0299	0.0342	2013-12
全国	67	61	0.0049	0.0045	2015-01
广东省	18	15	0.0187	0.0156	2010-03
河北省	2	1	0.0027	0.0014	2016-08
广西	9	8	0.0189	0.0168	2016-01
山西省	3	3	0.0088	0.0088	2009-04
湖北省	5	5	0.0087	0.0087	2013-08
江苏省	5	5	0.0063	0.0063	2016-05
河北省	2	1	0.0029	0.0015	2006-04
辽宁省	1	1	0.0023	0.0023	2015-06
广东省	7	8	0.0066	0.0075	2014-01
山东省	7	6	0.0073	0.0062	2012-09
安徽省	6	5	0.0098	0.0082	2007-01
陕西省	2	5	0.0053	0.0134	2012-11
广西	23	25	0.0474	0.0515	2010-05
浙江省	8	6	0.0163	0.0122	2006-10
广东省	2	2	0.0019	0.0019	2015-10
河北省	1	1	0.0014	0.0014	2015-02
山西省	2	1	0.0059	0.0029	2009-06
广东省	12	15	0.0151	0.0189	2004-04
山东省	3	3	0.0032	0.0032	2010-05
全国	151	148	0.0114	0.0112	2008-03
河北省	2	2	0.0029	0.0029	2005-09
河北省	15	10	0.0213	0.0142	2010-08
四川省	3	4	0.0037	0.005	2013-01
陕西省	3	2	0.008	0.0053	2010-08
贵州省	56	55	0.1501	0.1475	2006-03
河南省	4	4	0.0043	0.0043	2012-04
湖北省	4	3	0.007	0.0052	2011-04
全国	41	44	0.003	0.0032	2016-12
江西省	14	14	0.0327	0.0327	2005-08
海南省	1	1	0.0111	0.0111	2015-09
四川省	5	7	0.0061	0.0086	2009-05
湖南省	23	22	0.0359	0.0343	2010-10
全国	175	165	0.0134	0.0126	2006-01
云南省	17	17	0.0372	0.0372	2010-08
广西	49	49	0.106	0.106	2005-07
安徽省	2	1	0.0033	0.0017	2014-02
河北省	10	10	0.0139	0.0139	2011-09
贵州省	20	18	0.0528	0.0475	2009-07
四川省	3	3	0.0037	0.0037	2005-08
河北省	11	10	0.0158	0.0144	2008-09
陕西省	8	6	0.0214	0.016	2012-01
江苏省	4	1	0.005	0.0013	2014-12
江苏省	12	14	0.0161	0.0187	2006-07
重庆市	12	16	0.0423	0.0564	2009-04
河南省	28	22	0.0299	0.0235	2006-08
江苏省	6	5	0.0076	0.0064	2011-04
安徽省	19	24	0.0295	0.0372	2004-07
广东省	18	18	0.0197	0.0197	2005-03
全国	189	182	0.0142	0.0137	2009-06
云南省	11	15	0.0244	0.0332	2008-10
浙江省	4	4	0.0079	0.0079	2008-11
河北省	1	1	0.0015	0.0015	2004-06
安徽省	4	3	0.0066	0.0049	2015-08
贵州省	2	4	0.0057	0.0114	2016-06
天津市	1	1	0.0074	0.0074	2012-05
重庆市	7	5	0.0245	0.0175	2010-04
广东省	27	26	0.0294	0.0283	2006-03
湖北省	8	5	0.014	0.0087	2011-11
贵州省	64	64	0.1728	0.1728	2005-08
贵州省	26	26	0.0686	0.0686	2009-10
贵州省	16	14	0.0421	0.0369	2010-12
全国	206	186	0.0154	0.0139	2010-08
河北省	2	2	0.0029	0.0029	2006-05
江苏省	9	9	0.0121	0.0121	2005-04
广西	7	7	0.0148	0.0148	2014-12
河南省	9	9	0.0095	0.0095	2009-04
河北省	4	4	0.0055	0.0055	2012-03
河北省	5	5	0.0069	0.0069	2012-12
浙江省	3	3	0.0064	0.0064	2004-03
重庆市	11	11	0.0381	0.0381	2011-08
广西	28	27	0.0587	0.0566	2008-08
浙江省	2	2	0.0036	0.0036	2014-01
陕西省	1	1	0.0027	0.0027	2010-01
重庆市	2	3	0.0067	0.01	2016-08
河北省	2	2	0.0028	0.0028	2012-04
重庆市	1	1	0.0034	0.0034	2014-04
山西省	1	2	0.0028	0.0056	2011-01
贵州省	4	3	0.0114	0.0086	2015-11
河南省	8	8	0.0085	0.0085	2009-10
广东省	7	5	0.0088	0.0063	2004-02
内蒙古	1	1	0.0042	0.0042	2007-11
海南省	1	2	0.0112	0.0223	2014-04
河北省	11	9	0.0151	0.0123	2013-09
上海市	1	0	0.0053		2009-03
江西省	17	19	0.0394	0.0441	2006-10
重庆市	3	2	0.0107	0.0071	2006-09
贵州省	24	22	0.0692	0.0634	2012-01
广东省	10	10	0.0095	0.0095	2012-05
天津市	1	0	0.0096		2006-09
福建省	2	2	0.0055	0.0055	2009-01
贵州省	11	10	0.0316	0.0287	2013-11
浙江省	1	1	0.002	0.002	2009-05
湖南省	35	28	0.0553	0.0443	2006-05
海南省	3	3	0.0338	0.0338	2013-08
安徽省	3	4	0.005	0.0066	2014-11
河南省	13	9	0.0138	0.0096	2011-07
江苏省	23	20	0.0304	0.0264	2004-10
重庆市	6	5	0.0206	0.0171	2012-08
广西	39	38	0.0826	0.0805	2007-10
安徽省	2	1	0.0033	0.0016	2016-10
吉林省	1	1	0.0036	0.0036	2015-06
贵州省	5	6	0.0143	0.0171	2016-11
河南省	6	7	0.0063	0.0074	2010-05
河北省	8	8	0.0114	0.0114	2010-01
安徽省	6	5	0.0098	0.0082	2008-11
海南省	3	3	0.0351	0.0351	2009-08
湖南省	24	22	0.0379	0.0348	2006-01
江苏省	5	5	0.0064	0.0064	2011-05
河南省	9	10	0.0096	0.0107	2012-09
江西省	3	2	0.0068	0.0045	2010-10
贵州省	9	11	0.0259	0.0317	2012-07
甘肃省	2	2	0.0077	0.0077	2016-02
山东省	6	5	0.0062	0.0052	2012-02
湖南省	31	28	0.0472	0.0426	2011-08
湖北省	13	11	0.0227	0.0192	2011-09
湖北省	24	28	0.0399	0.0466	2004-10
湖北省	9	8	0.0156	0.0139	2012-12
全国	305	305	0.0233	0.0233	2006-07
江苏省	4	5	0.0051	0.0063	2013-10
江苏省	8	7	0.0101	0.0089	2012-05
全国	108	101	0.008	0.0075	2012-05
湖南省	6	6	0.0091	0.0091	2011-02
广西	30	29	0.0623	0.0602	2009-04
宁夏	1	0	0.0159		2011-09
河南省	7	5	0.0075	0.0053	2008-01
安徽省	3	4	0.0049	0.0065	2008-08
贵州省	23	19	0.0602	0.0497	2004-09
湖南省	26	26	0.0394	0.0394	2012-01
广西	4	4	0.0084	0.0084	2016-07
福建省	1	1	0.0028	0.0028	2008-02
四川省	11	10	0.0134	0.0122	2009-07
广西	3	4	0.0063	0.0084	2016-02
浙江省	1	1	0.0018	0.0018	2014-12
浙江省	1	1	0.0018	0.0018	2015-04
福建省	1	1	0.0028	0.0028	2004-05
山西省	5	5	0.0138	0.0138	2013-03
云南省	3	3	0.0066	0.0066	2010-02
青海省	1	1	0.0174	0.0174	2013-02
河北省	3	3	0.0041	0.0041	2013-02
安徽省	4	4	0.0067	0.0067	2012-12
云南省	4	3	0.0085	0.0064	2016-10
湖北省	11	10	0.0192	0.0175	2010-10
浙江省	2	0	0.0036		2015-10
江西省	7	7	0.0164	0.0164	2005-06
河南省	12	11	0.0126	0.0116	2010-06
陕西省	1	1	0.0027	0.0027	2009-12
河南省	6	6	0.0064	0.0064	2009-06
全国	140	133	0.0104	0.0099	2012-07
全国	88	78	0.0065	0.0057	2015-06
四川省	5	5	0.0062	0.0062	2013-11
重庆市	8	10	0.0282	0.0352	2009-10
云南省	9	4	0.0198	0.0088	2009-07
全国	62	57	0.0046	0.0042	2014-05
湖北省	1	1	0.0017	0.0017	2014-01
四川省	1	2	0.0012	0.0025	2016-08
湖北省	12	12	0.021	0.021	2006-07
河北省	2	1	0.0027	0.0014	2016-12
江苏省	7	7	0.0091	0.0091	2009-11
陕西省	1	1	0.0027	0.0027	2010-09
湖北省	17	17	0.0299	0.0299	2005-08
上海市	2	2	0.011	0.011	2007-03
广东省	15	15	0.0143	0.0143	2012-12
河北省	2	2	0.0029	0.0029	2005-04
山东省	1	1	0.001	0.001	2014-12
福建省	4	4	0.0111	0.0111	2004-10
内蒙古	1	0	0.004		2015-12
海南省	5	6	0.0585	0.0703	2009-05
福建省	2	3	0.0057	0.0085	2006-09
浙江省	0	1		0.0018	2016-07
陕西省	0	1		0.0027	2014-04
江苏省	12	12	0.0161	0.0161	2005-11
河北省	11	6	0.0161	0.0088	2006-10
山西省	4	4	0.0111	0.0111	2012-02
四川省	11	10	0.0136	0.0124	2013-08
江苏省	4	3	0.005	0.0038	2014-03
江西省	2	2	0.0045	0.0045	2010-05
天津市	5	5	0.0425	0.0425	2009-06
全国	97	95	0.0072	0.007	2013-01
江西省	16	14	0.0374	0.0327	2004-08
广东省	9	9	0.0085	0.0085	2013-05
浙江省	2	2	0.0037	0.0037	2012-04
山东省	6	7	0.0064	0.0074	2009-12
广西	33	32	0.0708	0.0687	2006-06
广东省	36	36	0.0394	0.0394	2005-08
贵州省	57	54	0.1517	0.1437	2007-08
内蒙古	1	1	0.004	0.004	2015-04
北京市	1	1	0.0048	0.0048	2013-04
河南省	15	16	0.0155	0.0165	2004-07
山西省	3	3	0.0088	0.0088	2009-08
陕西省	3	5	0.008	0.0133	2013-05
全国	92	87	0.0068	0.0064	2015-08
浙江省	3	3	0.006	0.006	2007-01
广东省	29	27	0.0312	0.029	2007-04
江西省	5	5	0.0112	0.0112	2011-09
河北省	4	4	0.0059	0.0059	2005-07
全国	85	81	0.0063	0.006	2014-07
湖南省	17	18	0.0266	0.0282	2009-06
贵州省	10	10	0.0285	0.0285	2015-08
广东省	11	10	0.0138	0.0126	2004-01
四川省	4	4	0.005	0.005	2012-12
湖南省	32	35	0.0479	0.0524	2004-03
山东省	7	7	0.0073	0.0073	2012-11
江苏省	11	11	0.014	0.014	2011-10
湖北省	7	10	0.0117	0.0166	2004-03
河南省	10	9	0.0106	0.0096	2007-03
河南省	4	7	0.0043	0.0074	2011-03
云南省	18	20	0.0389	0.0432	2012-01
河南省	10	8	0.0107	0.0085	2008-06
重庆市	20	16	0.071	0.0568	2008-09
湖北省	6	7	0.0105	0.0122	2010-09
河南省	4	5	0.0042	0.0053	2015-03
山西省	5	5	0.0146	0.0146	2010-09
山西省	0	1		0.003	2007-11
贵州省	8	8	0.023	0.023	2013-04
山西省	7	6	0.0204	0.0175	2010-07
河北省	2	1	0.0029	0.0015	2006-03
浙江省	2	2	0.0036	0.0036	2016-10
河南省	6	7	0.0064	0.0074	2013-09
江苏省	4	3	0.0054	0.004	2006-02
河南省	8	8	0.0085	0.0085	2006-01
江西省	4	4	0.0094	0.0094	2005-03
重庆市	5	5	0.017	0.017	2013-10
湖南省	4	5	0.006	0.0075	2013-03
河北省	12	6	0.0173	0.0086	2008-12
四川省	2	2	0.0024	0.0024	2005-02
安徽省	9	9	0.0148	0.0148	2005-01
江苏省	6	6	0.0076	0.0076	2014-09
湖南省	24	24	0.0378	0.0378	2007-11
湖南省	25	21	0.0394	0.0331	2007-05
安徽省	4	4	0.0066	0.0066	2016-07
河南省	7	4	0.0074	0.0043	2011-02
浙江省	1	1	0.002	0.002	2008-06
江西省	2	2	0.0044	0.0044	2013-12
重庆市	8	9	0.0282	0.0317	2009-06
河北省	5	2	0.0068	0.0027	2015-09
山西省	1	0	0.003		2004-05
河南省	11	15	0.0117	0.016	2006-07
宁夏	1	1	0.0151	0.0151	2016-07
浙江省	11	11	0.0234	0.0234	2004-10
重庆市	1	1	0.0034	0.0034	2013-06
重庆市	2	4	0.0067	0.0135	2014-07
湖北省	5	3	0.0087	0.0052	2013-03
浙江省	1	1	0.002	0.002	2009-06
湖南省	5	3	0.0076	0.0045	2012-04
湖南省	17	17	0.0259	0.0259	2011-06
广东省	17	15	0.016	0.0142	2013-07
广西	37	40	0.0762	0.0824	2004-12
福建省	2	2	0.0055	0.0055	2009-12
江西省	12	13	0.0278	0.0302	2006-08
陕西省	1	2	0.0027	0.0054	2011-02
广西	23	30	0.0474	0.0618	2010-12
陕西省	4	4	0.0107	0.0107	2011-06
湖北省	1	1	0.0017	0.0017	2016-02
广东省	26	26	0.0272	0.0272	2009-04
江西省	4	4	0.0089	0.0089	2012-01
陕西省	1	1	0.0027	0.0027	2004-01
河北省	14	11	0.02	0.0157	2009-05
河北省	7	7	0.0101	0.0101	2008-03
广东省	16	17	0.0153	0.0163	2011-07
江苏省	20	20	0.0264	0.0264	2004-07
河南省	9	8	0.0096	0.0085	2014-08
山西省	3	1	0.0088	0.0029	2009-12
河北省	12	8	0.0167	0.0111	2011-11
重庆市	1	1	0.0034	0.0034	2014-09
重庆市	1	1	0.0032	0.0032	2004-08
湖北省	4	5	0.0069	0.0086	2014-09
广东省	9	11	0.0085	0.0104	2013-11
广东省	10	10	0.0095	0.0095	2012-10
浙江省	1	1	0.0018	0.0018	2011-12
江西省	3	3	0.0067	0.0067	2011-07
陕西省	2	1	0.0054	0.0027	2011-01
湖北省	5	4	0.0086	0.0069	2014-12
贵州省	52	52	0.1404	0.1404	2005-06
河北省	10	6	0.0145	0.0087	2007-03
湖北省	12	10	0.02	0.0166	2004-01
江西省	4	4	0.0093	0.0093	2006-04
山西省	5	3	0.0146	0.0088	2010-01
河南省	10	6	0.0106	0.0064	2013-04
江苏省	16	18	0.0211	0.0238	2004-09
内蒙古	2	2	0.008	0.008	2013-09
陕西省	3	2	0.008	0.0053	2009-04
河北省	4	2	0.0056	0.0028	2011-02
甘肃省	2	2	0.0077	0.0077	2016-05
湖北省	9	9	0.0157	0.0157	2010-07
全国	65	55	0.0048	0.004	2016-05
浙江省	2	2	0.0039	0.0039	2010-10
甘肃省	1	0	0.0039		2014-09
四川省	5	5	0.0061	0.0061	2015-07
山东省	5	8	0.0053	0.0084	2010-11
青海省	1	0	0.0171		2016-10
重庆市	8	6	0.0284	0.0213	2008-04
江苏省	9	8	0.0118	0.0105	2008-06
内蒙古	1	1	0.0042	0.0042	2006-10
海南省	5	6	0.0592	0.071	2008-08
北京市	1	1	0.0046	0.0046	2015-10
山东省	6	9	0.0064	0.0097	2007-12
内蒙古	1	1	0.0042	0.0042	2007-09
北京市	1	1	0.0047	0.0047	2014-03
江西省	1	1	0.0022	0.0022	2016-04
安徽省	8	6	0.0131	0.0098	2006-06
江西省	9	9	0.021	0.021	2005-07
江苏省	1	2	0.0013	0.0025	2013-04
河北省	10	8	0.0143	0.0114	2009-02
重庆市	3	3	0.0103	0.0103	2012-11
贵州省	7	7	0.0201	0.0201	2013-08
山西省	0	1		0.0027	2016-05
贵州省	20	20	0.0528	0.0528	2009-11
四川省	2	2	0.0023	0.0023	2004-06
湖南省	15	14	0.0236	0.022	2008-01
内蒙古	0	1		0.0041	2010-10
福建省	2	2	0.0057	0.0057	2006-02
河北省	1	1	0.0014	0.0014	2016-03
江西省	5	4	0.0117	0.0093	2004-01
全国	140	128	0.0104	0.0095	2012-10
河南省	6	6	0.0064	0.0064	2016-03
安徽省	8	9	0.0134	0.0151	2011-07
云南省	16	16	0.035	0.035	2010-09
湖北省	4	5	0.007	0.0088	2009-04
浙江省	2	2	0.0037	0.0037	2011-02
浙江省	5	3	0.01	0.006	2007-06
河南省	26	24	0.0277	0.0256	2007-07
内蒙古	1	1	0.004	0.004	2012-08
广西	50	45	0.103	0.0927	2004-02
全国	202	194	0.0154	0.0148	2006-03
重庆市	37	37	0.1318	0.1318	2007-10
广东省	1	1	0.0009	0.0009	2015-11
重庆市	2	2	0.0071	0.0071	2006-08
广西	44	44	0.0923	0.0923	2008-06
广西	45	46	0.0954	0.0975	2007-08
江苏省	11	10	0.0146	0.0132	2007-11
广东省	39	39	0.0427	0.0427	2005-09
山东省	10	8	0.0103	0.0083	2013-10
陕西省	0	1		0.0027	2010-06
福建省	2	2	0.0056	0.0056	2004-07
辽宁省	0	1		0.0023	2011-08
天津市	1	1	0.0077	0.0077	2011-06
内蒙古	1	1	0.004	0.004	2013-04
广西	28	26	0.0601	0.0558	2006-02
全国	147	144	0.0112	0.011	2006-02
安徽省	3	3	0.0049	0.0049	2008-04
广东省	31	29	0.0325	0.0304	2009-06
河北省	11	9	0.0157	0.0129	2009-11
贵州省	9	2	0.0235	0.0052	2004-02
湖北省	3	3	0.0052	0.0052	2016-09
海南省	3	3	0.0368	0.0368	2004-08
河南省	4	3	0.0043	0.0032	2013-03
江苏省	2	2	0.0025	0.0025	2015-11
浙江省	2	2	0.0037	0.0037	2013-10
河南省	11	11	0.0113	0.0113	2004-10
河南省	3	1	0.0032	0.0011	2009-01
湖北省	8	8	0.014	0.014	2011-01
河北省	2	2	0.0027	0.0027	2013-06
河南省	6	6	0.0064	0.0064	2015-07
河南省	7	7	0.0074	0.0074	2009-02
广东省	42	39	0.0436	0.0405	2010-10
安徽省	4	5	0.0065	0.0082	2006-05
北京市	1	1	0.0065	0.0065	2005-08
云南省	14	13	0.0305	0.0283	2011-12
江苏省	3	2	0.0038	0.0025	2012-04
山东省	8	8	0.0087	0.0087	2005-07
上海市	1	1	0.0054	0.0054	2008-07
河南省	5	2	0.0053	0.0021	2014-04
江西省	7	7	0.0157	0.0157	2011-02
江苏省	2	1	0.0025	0.0013	2015-12
河南省	5	5	0.0053	0.0053	2015-09
河南省	14	9	0.015	0.0096	2008-10
陕西省	7	7	0.0187	0.0187	2012-09
江西省	1	1	0.0022	0.0022	2014-12
河北省	10	8	0.0138	0.011	2012-09
贵州省	31	32	0.0816	0.0843	2010-10
贵州省	21	18	0.0558	0.0478	2008-01
海南省	0	1		0.0121	2006-12
贵州省	10	27	0.0262	0.0706	2004-12
山西省	1	0	0.0027		2016-09
河北省	2	2	0.0027	0.0027	2015-05
贵州省	6	5	0.0173	0.0144	2012-12
江西省	11	10	0.0255	0.0232	2006-07
四川省	6	5	0.0074	0.0061	2015-05
浙江省	3	3	0.0062	0.0062	2005-04
安徽省	3	4	0.0049	0.0065	2010-03
北京市	2	2	0.0093	0.0093	2015-06
湖北省	5	3	0.0086	0.0052	2016-05
贵州省	5	6	0.0143	0.0171	2015-02
广东省	7	7	0.0065	0.0065	2016-05
湖南省	12	12	0.0183	0.0183	2011-12
全国	67	70	0.0049	0.0052	2014-01
湖北省	8	8	0.014	0.014	2008-10
重庆市	1	1	0.0036	0.0036	2005-03
山东省	3	2	0.0031	0.0021	2012-08
云南省	4	3	0.0085	0.0064	2014-11
江苏省	4	5	0.005	0.0063	2016-03
山东省	18	16	0.0193	0.0172	2007-11
四川省	2	2	0.0023	0.0023	2004-03
海南省	8	8	0.0947	0.0947	2008-12
甘肃省	1	1	0.0039	0.0039	2014-05
重庆市	4	4	0.0136	0.0136	2013-09
江苏省	6	5	0.0076	0.0063	2012-09
内蒙古	1	1	0.0041	0.0041	2009-07
广西	47	48	0.0996	0.1017	2007-06
云南省	2	3	0.0043	0.0064	2014-12
江西省	4	4	0.0088	0.0088	2014-11
江西省	7	7	0.0161	0.0161	2007-06
河南省	4	4	0.0043	0.0043	2011-11
北京市	1	1	0.0061	0.0061	2008-05
海南省	4	3	0.0461	0.0346	2011-03
重庆市	4	3	0.0135	0.0101	2014-08
全国	296	296	0.0228	0.0228	2005-10
湖南省	56	56	0.0838	0.0838	2004-09
重庆市	16	15	0.057	0.0534	2007-07
山西省	6	5	0.0166	0.0138	2013-10
广东省	20	19	0.0218	0.0207	2006-01
全国	306	308	0.0233	0.0234	2007-10
陕西省	4	4	0.0106	0.0106	2014-09
全国	284	262	0.0216	0.0199	2007-11
河北省	6	4	0.0081	0.0054	2015-10
天津市	3	3	0.0269	0.0269	2008-01
广东省	23	22	0.0243	0.0233	2008-02
广东省	31	34	0.0322	0.0353	2010-11
全国	97	98	0.0072	0.0073	2012-03
四川省	8	8	0.0099	0.0099	2012-01
广西	39	52	0.0837	0.1116	2006-12
江苏省	2	2	0.0025	0.0025	2016-12
四川省	10	8	0.0122	0.0098	2009-10
江西省	7	8	0.0159	0.0182	2009-10
重庆市	10	10	0.0356	0.0356	2007-05
陕西省	3	1	0.0079	0.0026	2016-05
海南省	5	6	0.0564	0.0677	2013-03
天津市	1	0	0.009		2008-04
福建省	0	1		0.0028	2004-11
全国	176	176	0.0135	0.0135	2005-12
江苏省	7	7	0.0092	0.0092	2008-01
江苏省	4	6	0.005	0.0076	2014-10
福建省	1	1	0.0027	0.0027	2012-08
广东省	33	32	0.0346	0.0335	2009-08
云南省	13	12	0.0281	0.0259	2012-10
湖北省	1	3	0.0017	0.0052	2013-12
江苏省	8	8	0.0101	0.0101	2012-06
湖南省	4	5	0.0059	0.0074	2015-06
浙江省	3	3	0.0058	0.0058	2010-03
浙江省	4	7	0.008	0.0141	2007-12
海南省	13	14	0.1538	0.1657	2008-01
广东省	5	4	0.0047	0.0037	2016-09
广西	13	13	0.0282	0.0282	2011-03
贵州省	46	46	0.1242	0.1242	2005-11
河北省	1	1	0.0014	0.0014	2016-01
贵州省	12	8	0.0316	0.0211	2010-01
宁夏	0	1		0.0151	2016-01
河南省	16	14	0.017	0.0149	2007-01
贵州省	3	5	0.0086	0.0144	2013-02
山东省	11	9	0.0118	0.0097	2007-05
山西省	1	1	0.0029	0.0029	2009-05
陕西省	0	1		0.0026	2016-04
全国	258	258	0.0198	0.0198	2005-11
内蒙古	2	2	0.0081	0.0081	2012-05
重庆市	5	4	0.0175	0.014	2010-12
湖北省	8	7	0.014	0.0122	2011-05
广西	10	11	0.0214	0.0235	2013-07
湖北省	3	2	0.0052	0.0034	2015-11
江西省	4	4	0.0091	0.0091	2009-01
广东省	24	24	0.0302	0.0302	2004-11
河北省	5	5	0.0072	0.0072	2008-02
河北省	3	2	0.0041	0.0027	2013-03
江苏省	4	4	0.0051	0.0051	2013-01
江西省	12	12	0.028	0.028	2004-09
山西省	0	1		0.003	2004-06
江西省	2	3	0.0046	0.0069	2008-03
北京市	1	0	0.0047		2014-05
四川省	2	2	0.0025	0.0025	2015-09
湖南省	16	16	0.0254	0.0254	2005-04
全国	277	282	0.0213	0.0217	2004-07
广西	6	6	0.0126	0.0126	2016-06
重庆市	11	10	0.0387	0.0352	2009-02
福建省	1	1	0.0026	0.0026	2016-12
河南省	22	17	0.0234	0.0181	2007-08
重庆市	7	8	0.0245	0.028	2010-03
湖南省	13	12	0.0196	0.0181	2013-08
河北省	12	12	0.0171	0.0171	2010-09
安徽省	3	2	0.005	0.0034	2011-12
天津市	1	1	0.0068	0.0068	2014-03
浙江省	0	1		0.0019	2010-08
广东省	19	19	0.0208	0.0208	2005-01
全国	75	72	0.0055	0.0053	2013-04
贵州省	75	80	0.2011	0.2145	2006-09
山东省	1	1	0.001	0.001	2014-04
云南省	7	5	0.0151	0.0108	2012-11
湖北省	11	11	0.0193	0.0193	2007-03
安徽省	6	7	0.0098	0.0115	2007-02
山东省	10	8	0.0107	0.0085	2008-11
广东省	3	3	0.0028	0.0028	2014-05
湖南省	16	12	0.025	0.0187	2010-03
湖南省	4	5	0.0059	0.0074	2015-02
贵州省	19	25	0.0505	0.0665	2008-12
云南省	6	6	0.0133	0.0133	2008-03
福建省	4	4	0.011	0.011	2010-07
浙江省	5	6	0.01	0.012	2007-07
内蒙古	1	0	0.004		2015-09
贵州省	14	14	0.0366	0.0366	2004-04
山东省	13	12	0.0141	0.013	2006-06
贵州省	3	3	0.0086	0.0086	2014-12
河南省	10	11	0.0106	0.0117	2013-11
四川省	13	10	0.016	0.0123	2008-04
云南省	8	9	0.018	0.0202	2006-10
山东省	6	5	0.0065	0.0055	2004-08
河南省	5	3	0.0053	0.0032	2016-04
四川省	4	4	0.0049	0.0049	2010-02
天津市	1	0	0.009		2008-10
海南省	6	6	0.0694	0.0694	2010-08
浙江省	3	3	0.0055	0.0055	2011-01
江苏省	5	6	0.0065	0.0078	2009-01
广西	45	47	0.0954	0.0996	2007-04
广西	31	25	0.0638	0.0515	2010-08
广东省	14	12	0.0132	0.0113	2013-12
广西	30	27	0.0652	0.0587	2011-05
河北省	3	1	0.0041	0.0014	2012-11
江西省	8	6	0.018	0.0135	2010-11
全国	55	48	0.004	0.0035	2016-06
浙江省	3	4	0.0055	0.0073	2011-08
云南省	12	12	0.0256	0.0256	2014-06
江苏省	0	1		0.0013	2015-02
海南省	5	5	0.0585	0.0585	2009-11
江西省	2	2	0.0045	0.0045	2011-03
安徽省	19	24	0.0295	0.0372	2004-05
安徽省	2	3	0.0033	0.0049	2016-11
安徽省	5	5	0.0084	0.0084	2012-09
四川省	6	6	0.0075	0.0075	2011-10
内蒙古	2	2	0.0083	0.0083	2010-11
全国	248	234	0.0188	0.0177	2008-08
福建省	1	1	0.0028	0.0028	2006-05
河南省	10	8	0.0106	0.0085	2011-09
江苏省	9	9	0.0113	0.0113	2016-10
四川省	1	1	0.0012	0.0012	2014-04
河南省	5	3	0.0053	0.0032	2014-03
贵州省	40	34	0.1065	0.0905	2007-04
山西省	2	2	0.0055	0.0055	2015-05
贵州省	6	7	0.0172	0.0201	2013-10
广东省	23	23	0.0241	0.0241	2009-11
浙江省	2	1	0.0039	0.0019	2010-07
重庆市	4	3	0.0134	0.01	2016-07
湖北省	14	12	0.0246	0.0211	2007-07
湖北省	8	6	0.014	0.0105	2006-01
山东省	0	1		0.001	2016-06
山东省	5	7	0.0054	0.0075	2007-02
湖北省	10	8	0.0174	0.0139	2012-01
湖南省	26	21	0.0409	0.033	2008-08
湖北省	12	12	0.0211	0.0211	2007-06
广东省	11	9	0.0104	0.0085	2013-02
浙江省	4	4	0.0077	0.0077	2010-09
安徽省	1	1	0.0016	0.0016	2015-04
河北省	6	6	0.0084	0.0084	2011-06
山西省	4	2	0.011	0.0055	2016-10
湖南省	42	32	0.0629	0.0479	2004-01
全国	66	61	0.0048	0.0045	2015-07
河南省	9	12	0.0096	0.0128	2011-08
北京市	1	0	0.0046		2016-04
海南省	1	1	0.0111	0.0111	2015-03
山东省	10	9	0.0106	0.0096	2009-03
内蒙古	2	0	0.008		2016-09
云南省	3	1	0.0067	0.0022	2006-05
湖北省	7	7	0.0123	0.0123	2008-01
湖南省	16	18	0.0251	0.0282	2009-12
广西	37	36	0.0794	0.0773	2006-01
江苏省	13	13	0.0165	0.0165	2011-09
湖南省	8	9	0.0121	0.0136	2012-09
山西省	4	3	0.0117	0.0088	2010-05
河南省	11	12	0.0117	0.0128	2011-10
广西	63	54	0.1352	0.1159	2006-11
天津市	1	0	0.0071		2013-05
河北省	1	1	0.0015	0.0015	2004-07
宁夏	1	1	0.0155	0.0155	2013-03
广东省	18	16	0.0173	0.0153	2011-01
河北省	20	19	0.029	0.0275	2007-09
广西	48	42	0.0989	0.0865	2004-05
天津市	1	1	0.0066	0.0066	2015-01
北京市	1	2	0.005	0.0099	2012-09
四川省	2	2	0.0025	0.0025	2014-11
广西	26	26	0.054	0.054	2009-06
安徽省	4	4	0.0067	0.0067	2011-10
甘肃省	2	2	0.0077	0.0077	2016-07
广东省	8	8	0.0075	0.0075	2014-12
新疆	1	1	0.005	0.005	2005-09
内蒙古	1	1	0.004	0.004	2012-04
全国	98	97	0.0072	0.0072	2013-06
湖北省	5	8	0.0088	0.014	2008-05
云南省	7	6	0.0151	0.013	2012-03
四川省	12	13	0.0147	0.0159	2007-02
湖北省	5	5	0.0087	0.0087	2010-01
贵州省	2	3	0.0057	0.0086	2016-08
山西省	8	6	0.0222	0.0166	2013-08
山东省	3	3	0.0031	0.0031	2016-08
浙江省	1	2	0.002	0.0039	2009-03
云南省	8	9	0.0172	0.0193	2013-03
湖北省	10	8	0.0175	0.014	2009-08
河南省	9	6	0.0095	0.0064	2016-08
全国	243	247	0.0186	0.0189	2006-05
江苏省	8	8	0.0106	0.0106	2007-04
云南省	10	9	0.0218	0.0196	2011-09
广东省	28	28	0.0352	0.0352	2004-07
广西	32	31	0.0687	0.0665	2006-03
湖北省	10	9	0.0175	0.0158	2008-06
湖北省	12	12	0.0211	0.0211	2005-06
四川省	13	12	0.0161	0.0149	2012-07
上海市	2	2	0.0112	0.0112	2006-08
福建省	3	2	0.0083	0.0056	2004-09
湖北省	4	4	0.0069	0.0069	2015-01
广东省	10	10	0.0094	0.0094	2014-03
甘肃省	0	1		0.0039	2013-04
贵州省	3	4	0.0086	0.0115	2013-07
云南省	4	7	0.0085	0.0149	2014-10
广东省	15	14	0.0144	0.0134	2011-04
安徽省	6	4	0.0101	0.0067	2011-06
全国	79	77	0.0058	0.0057	2013-12
甘肃省	1	2	0.0039	0.0078	2013-07
浙江省	2	2	0.004	0.004	2008-02
山东省	4	4	0.0041	0.0041	2013-08
云南省	5	2	0.0106	0.0042	2015-12
安徽省	3	2	0.0049	0.0033	2015-12
云南省	3	2	0.0067	0.0045	2007-04
贵州省	29	31	0.0772	0.0825	2007-09
江苏省	7	7	0.0094	0.0094	2005-02
天津市	1	1	0.0068	0.0068	2014-06